Store_ID,Department,Region,Product_Category,Date,Weekly_Sales,Cost,Profit,Holiday_Flag,Temperature,Fuel_Price,CPI,Unemployment
18,10,East,Sports,2023-04-13,42986.32,36086.76,6899.56,0,18.51,2.52,213.48,6.92
12,10,North,Electronics,2024-03-11,41309.21,26038.74,15270.47,0,18.52,3.09,248.67,7.87
6,1,South,Electronics,2023-09-28,33115.81,27814.09,5301.72,0,24.47,2.51,252.71,3.83
20,2,South,Home,2023-04-17,17121.58,10890.62,6230.96,0,31.59,3.25,204.29,4.75
13,6,East,Groceries,2023-03-13,17781.59,11334.29,6447.3,0,20.77,2.63,201.95,3.98
20,10,North,Sports,2024-12-01,10580.13,9356.63,1223.5,0,28.3,4.33,244.67,5.73
16,5,East,Clothing,2023-01-21,46483.42,39316.58,7166.84,0,21.47,3.33,208.0,4.99
18,9,North,Groceries,2024-09-06,12781.92,9787.41,2994.51,0,19.14,3.42,207.98,8.13
10,5,West,Clothing,2023-05-02,30779.9,26547.39,4232.51,0,10.75,3.2,201.34,3.76
8,2,West,Home,2024-04-11,31295.81,28066.38,3229.43,0,10.12,3.76,202.99,8.26
18,10,East,Sports,2023-08-03,27260.42,21350.16,5910.26,1,16.82,4.07,215.82,3.32
1,4,West,Home,2023-11-27,20863.33,16354.13,4509.2,0,22.19,3.8,203.9,4.41
8,9,East,Clothing,2024-04-03,35086.48,28992.94,6093.54,0,35.54,4.0,222.13,8.54
6,1,South,Electronics,2023-03-29,22473.4,15049.13,7424.27,0,33.95,4.31,249.97,8.2
5,1,North,Home,2024-01-08,16480.19,10714.39,5765.8,0,18.01,4.23,219.58,6.33
15,7,North,Sports,2023-04-10,29229.99,24198.76,5031.23,1,17.34,3.85,243.67,3.35
15,3,South,Home,2024-10-25,46865.51,32968.55,13896.96,1,16.82,2.93,205.63,7.27
2,10,South,Groceries,2023-05-11,48491.53,31059.85,17431.68,0,20.18,3.78,239.56,5.85
1,2,South,Home,2024-10-23,33617.76,23346.3,10271.46,0,24.95,3.51,219.0,5.22
11,9,South,Clothing,2023-11-05,40194.56,28441.31,11753.25,0,23.16,3.93,244.99,7.48
10,3,West,Home,2023-12-10,28977.12,25777.13,3199.99,0,16.55,4.17,208.18,6.06
18,2,North,Sports,2024-05-06,37032.11,29973.34,7058.77,1,13.91,3.99,253.87,3.65
18,8,North,Home,2024-02-18,49463.9,37555.81,11908.09,0,10.38,4.19,214.55,9.41
17,10,South,Home,2024-01-21,24728.85,22025.05,2703.8,0,14.62,2.63,221.19,8.45
8,6,East,Sports,2023-07-11,7981.46,6951.39,1030.07,0,31.16,2.56,257.01,3.39
15,6,East,Home,2023-10-04,48065.31,36222.03,11843.28,0,17.31,3.02,234.71,6.68
8,10,East,Sports,2023-06-10,40687.78,35467.7,5220.08,0,24.06,4.3,221.95,3.58
17,7,East,Clothing,2024-04-04,22923.97,16534.86,6389.11,0,27.74,4.15,256.98,8.86
12,7,West,Sports,2023-11-10,49207.78,32926.21,16281.57,0,36.61,3.87,219.74,7.29
8,6,North,Clothing,2023-01-22,20549.11,13763.86,6785.25,0,36.67,3.9,205.69,4.21
14,4,North,Clothing,2023-09-10,21745.41,17367.94,4377.47,0,32.37,3.95,259.81,3.15
4,9,North,Sports,2024-07-14,41728.85,31310.04,10418.81,1,11.05,4.39,216.07,3.22
1,6,East,Home,2024-04-19,17345.63,13836.35,3509.28,0,27.25,4.16,251.08,6.55
1,4,South,Groceries,2023-02-28,36435.72,29360.73,7074.99,0,33.6,3.75,209.93,8.14
19,3,East,Sports,2024-05-25,11878.26,7206.5,4671.76,0,10.52,3.83,243.88,3.85
16,4,North,Home,2024-11-12,9861.14,6076.55,3784.59,0,26.49,2.93,231.47,4.55
14,3,East,Clothing,2024-04-20,29069.51,22087.11,6982.4,0,35.73,3.81,258.85,5.29
16,2,South,Electronics,2024-11-30,29997.22,19717.49,10279.73,0,24.22,3.35,233.17,4.53
5,5,South,Groceries,2023-07-09,9799.48,7739.24,2060.24,0,10.12,2.81,201.5,5.74
9,2,East,Home,2024-11-17,57493.58,44020.29,13473.29,1,10.33,4.11,236.23,6.92
2,6,North,Groceries,2024-07-16,30797.9,23890.8,6907.1,0,22.5,3.52,208.72,7.79
18,3,West,Electronics,2024-07-20,11796.57,8148.32,3648.25,0,14.65,4.45,247.91,9.75
6,6,North,Electronics,2023-09-01,19014.91,15058.92,3955.99,0,29.93,3.06,251.39,9.52
9,10,West,Electronics,2024-05-19,41010.54,34811.71,6198.83,0,31.26,3.46,228.93,6.99
1,9,North,Sports,2023-05-11,28545.42,25674.36,2871.06,0,15.34,3.4,246.99,8.14
9,1,East,Groceries,2024-04-29,13466.68,11467.33,1999.35,0,36.66,2.74,208.71,9.66
16,6,West,Sports,2024-10-08,9628.2,7387.23,2240.97,0,23.26,3.35,229.52,3.58
13,9,North,Electronics,2023-01-21,24384.85,16045.94,8338.91,0,14.29,3.08,223.64,3.04
9,4,East,Home,2023-06-16,20183.66,16236.42,3947.24,0,32.93,2.82,236.68,3.21
13,2,North,Electronics,2023-10-01,34516.28,30419.06,4097.22,0,33.7,3.06,202.67,6.94
9,4,South,Sports,2024-01-23,48472.92,32164.69,16308.23,1,29.18,2.97,245.13,8.34
11,1,South,Electronics,2024-08-23,16147.86,10928.85,5219.01,0,35.6,3.97,204.75,5.57
4,3,North,Electronics,2023-11-12,43485.53,28035.23,15450.3,0,32.12,2.56,239.39,6.82
2,10,East,Sports,2023-01-14,46420.79,38112.23,8308.56,0,36.47,3.73,201.11,6.61
6,9,North,Sports,2023-08-30,45590.12,32914.63,12675.49,0,23.02,4.02,249.91,3.66
14,10,East,Home,2023-12-12,47843.48,29605.96,18237.52,0,32.43,3.46,210.48,5.25
4,5,West,Sports,2024-07-18,42894.89,36996.2,5898.69,0,39.99,4.36,230.93,3.14
6,6,South,Home,2023-12-06,31706.87,24328.73,7378.14,0,31.75,3.92,215.69,3.77
19,3,West,Clothing,2023-04-02,23443.07,16394.4,7048.67,0,13.43,4.0,243.36,8.68
6,5,East,Clothing,2024-01-02,27125.95,19074.83,8051.12,0,25.55,2.89,219.28,8.81
2,8,North,Sports,2024-03-30,44267.55,30415.14,13852.41,0,27.62,4.05,243.48,8.61
18,6,South,Electronics,2024-03-03,23967.11,17655.23,6311.88,1,15.23,4.16,217.09,8.09
13,4,East,Groceries,2024-05-23,12166.78,8530.28,3636.5,0,38.89,3.22,245.15,8.55
9,2,East,Electronics,2023-02-04,11336.86,8665.71,2671.15,0,15.27,2.93,201.84,7.7
19,9,South,Sports,2023-07-25,42214.76,35125.01,7089.75,0,15.33,3.27,217.0,7.69
13,1,North,Home,2023-03-22,39266.86,31505.31,7761.55,0,37.46,3.98,229.92,7.67
11,1,South,Electronics,2024-07-15,27394.04,18856.33,8537.71,0,23.96,3.34,202.7,6.6
1,4,North,Clothing,2024-01-23,17369.21,13176.67,4192.54,0,11.9,3.97,211.16,5.54
7,7,North,Sports,2023-01-02,35492.59,30241.03,5251.56,0,27.95,2.73,256.07,8.11
15,1,East,Electronics,2024-01-25,6729.49,4175.39,2554.1,0,28.05,4.11,258.61,5.09
1,9,North,Electronics,2024-07-19,30570.25,19060.22,11510.03,0,11.94,3.01,244.38,6.8
12,4,North,Home,2023-04-16,22929.13,17583.23,5345.9,0,39.18,3.0,215.13,6.03
7,3,South,Home,2024-04-21,56792.92,44964.92,11828.0,1,26.32,3.68,215.63,4.94
15,1,South,Home,2024-12-03,27840.21,18469.86,9370.35,0,26.79,2.64,238.75,9.82
19,10,North,Groceries,2024-02-06,37941.99,31247.73,6694.26,1,25.6,2.55,207.06,4.81
1,4,East,Sports,2024-12-30,37056.32,29418.23,7638.09,0,28.32,3.02,256.9,5.17
17,9,South,Sports,2024-07-09,26804.23,23506.96,3297.27,0,17.93,3.58,213.49,4.13
17,10,West,Clothing,2023-06-11,19424.8,12639.45,6785.35,1,18.62,4.32,259.98,8.76
3,6,East,Clothing,2023-07-21,29177.5,24083.47,5094.03,0,25.34,4.19,229.74,7.11
12,6,South,Sports,2023-09-27,54885.88,34308.78,20577.1,1,34.2,3.48,246.29,7.29
6,1,South,Electronics,2023-09-28,23445.99,18043.75,5402.24,0,11.5,2.57,200.13,8.74
11,10,West,Sports,2024-03-31,35583.84,27241.87,8341.97,0,28.1,3.57,253.32,5.4
3,2,North,Groceries,2024-04-06,58820.27,42145.64,16674.63,1,34.2,3.91,216.2,4.36
8,6,South,Clothing,2024-12-27,42346.5,36137.29,6209.21,0,14.71,3.18,240.08,4.39
14,2,West,Clothing,2023-09-09,36591.95,22003.15,14588.8,1,10.45,2.72,248.38,8.13
14,3,West,Clothing,2024-12-02,42834.29,32385.03,10449.26,1,19.38,3.06,209.85,7.3
10,4,South,Sports,2023-10-23,47141.75,31356.15,15785.6,0,27.64,4.04,226.55,4.44
2,5,East,Clothing,2024-12-25,48188.84,39661.8,8527.04,0,14.15,3.2,229.63,4.02
14,9,South,Clothing,2024-12-20,48603.57,29790.11,18813.46,0,22.78,4.12,218.73,3.84
9,4,West,Sports,2023-12-04,33153.87,28163.1,4990.77,0,26.57,3.14,228.91,7.39
3,9,South,Electronics,2023-02-22,22312.02,18997.07,3314.95,0,27.97,2.83,219.05,3.0
8,10,East,Clothing,2023-08-05,10991.89,9341.57,1650.32,0,18.23,3.37,221.64,3.13
16,3,North,Clothing,2023-07-07,22349.66,14432.75,7916.91,0,22.0,3.4,240.16,5.73
2,8,North,Clothing,2024-01-15,47433.0,37430.42,10002.58,0,33.35,2.53,237.96,7.84
6,1,South,Groceries,2024-05-07,47505.64,28708.14,18797.5,1,38.24,2.73,213.94,7.87
12,9,South,Sports,2023-02-10,28564.68,24405.34,4159.34,0,35.86,2.87,253.85,6.01
5,9,West,Clothing,2023-06-06,29165.33,23824.94,5340.39,0,26.93,2.73,251.77,7.84
2,10,East,Groceries,2023-01-15,18901.42,14352.72,4548.7,0,22.31,3.18,230.54,6.65
16,2,West,Electronics,2023-03-06,25452.86,20850.41,4602.45,0,19.99,4.43,226.0,9.84
5,4,West,Electronics,2024-06-04,37150.18,23341.36,13808.82,0,13.75,3.52,222.61,4.14
15,8,North,Groceries,2023-12-10,23109.38,17530.7,5578.68,0,13.2,3.76,242.44,7.2
12,7,West,Electronics,2023-05-09,15313.31,10526.11,4787.2,1,30.65,3.21,240.3,6.44
4,1,West,Home,2024-10-09,29338.68,26163.82,3174.86,0,17.79,3.15,211.77,4.36
15,5,North,Electronics,2024-04-16,15140.16,12977.17,2162.99,0,17.64,2.55,240.29,8.25
11,7,North,Home,2023-03-04,48842.94,40050.37,8792.57,0,39.95,3.5,215.15,4.93
16,4,East,Groceries,2023-05-19,24256.2,21348.47,2907.73,1,15.64,3.47,201.11,5.67
6,1,East,Home,2024-05-13,45934.92,32340.62,13594.3,0,14.44,2.82,241.95,5.62
14,9,East,Electronics,2024-08-15,15149.93,13184.44,1965.49,0,12.96,4.03,238.69,4.71
18,5,South,Clothing,2024-01-27,13514.41,9427.27,4087.14,0,27.39,3.49,224.65,6.01
12,2,North,Home,2024-11-05,32760.55,26858.38,5902.17,0,28.84,3.18,231.54,6.31
11,8,South,Electronics,2024-02-23,40072.06,32896.16,7175.9,0,20.96,2.79,256.83,8.21
13,2,South,Clothing,2023-10-16,30504.41,18470.57,12033.84,0,26.06,3.6,235.71,8.36
11,3,East,Groceries,2024-01-14,21172.98,14997.2,6175.78,1,33.65,4.01,239.47,4.11
16,10,North,Groceries,2024-05-04,6705.25,4062.24,2643.01,0,34.54,3.06,203.83,7.15
15,1,South,Sports,2023-08-19,32823.0,29512.07,3310.93,0,38.74,2.94,209.96,9.27
15,2,West,Groceries,2023-02-10,10896.68,6937.47,3959.21,0,34.73,3.54,218.06,3.76
4,7,West,Sports,2023-01-28,20442.94,15594.76,4848.18,0,26.95,2.81,232.36,6.31
11,10,North,Groceries,2023-05-15,35410.31,29644.34,5765.97,0,15.39,3.83,246.6,8.25
19,2,South,Groceries,2023-07-20,9411.05,6214.86,3196.19,0,12.99,3.71,219.27,7.28
15,6,East,Groceries,2023-02-02,10726.32,7996.64,2729.68,0,11.64,2.67,221.38,3.7
4,3,South,Sports,2023-02-17,7774.98,6081.81,1693.17,0,30.0,2.57,215.37,5.78
13,4,West,Sports,2024-05-17,49823.56,32288.73,17534.83,0,34.23,3.74,215.28,6.55
19,8,West,Home,2024-02-11,22418.45,18687.27,3731.18,0,25.26,3.09,256.93,9.97
2,3,East,Electronics,2024-07-27,45760.78,31565.83,14194.95,0,11.64,2.67,238.13,4.25
14,10,North,Electronics,2024-12-28,18211.35,12079.71,6131.64,0,26.06,4.02,209.35,9.88
4,6,South,Electronics,2023-04-09,38894.12,29850.72,9043.4,0,38.07,3.13,243.33,5.63
16,1,West,Groceries,2024-11-14,22239.99,16081.61,6158.38,1,27.93,3.42,243.32,4.4
20,7,South,Electronics,2024-12-26,27424.61,24026.31,3398.3,0,34.28,2.97,239.99,5.9
14,8,East,Sports,2024-06-30,42107.71,36381.85,5725.86,0,34.0,3.75,208.08,7.3
15,8,East,Home,2024-09-04,49833.43,37126.16,12707.27,1,37.96,3.1,224.48,4.49
3,3,North,Clothing,2024-04-06,47906.31,33907.09,13999.22,1,33.11,4.44,206.41,5.04
8,10,East,Home,2024-10-04,42068.05,29349.0,12719.05,0,32.43,3.91,249.0,8.98
16,1,North,Electronics,2023-01-05,14516.25,9874.96,4641.29,0,17.02,2.77,239.31,9.99
10,9,South,Electronics,2023-08-06,26699.73,20381.62,6318.11,0,11.8,3.33,230.43,5.23
4,6,West,Sports,2024-05-17,26819.22,22568.2,4251.02,0,25.53,3.27,220.58,4.04
18,9,West,Home,2024-02-02,45072.61,31245.55,13827.06,0,13.73,3.57,211.05,8.55
2,7,North,Sports,2024-01-28,18360.13,12063.12,6297.01,0,38.87,4.18,206.39,7.2
17,1,West,Sports,2023-07-26,46917.32,34842.92,12074.4,0,18.7,3.67,258.15,3.7
13,1,North,Clothing,2023-01-15,25285.81,15695.16,9590.65,0,35.59,2.62,211.98,9.63
4,6,North,Sports,2024-07-07,35140.42,28477.22,6663.2,0,21.63,3.81,203.59,3.55
11,5,South,Sports,2024-04-05,17099.74,12918.98,4180.76,0,19.7,2.52,257.7,7.38
7,9,South,Clothing,2024-11-21,23463.41,17572.04,5891.37,0,38.05,4.06,232.94,5.97
12,2,East,Groceries,2024-07-28,36941.04,25494.25,11446.79,0,20.9,3.83,247.8,6.9
10,8,North,Groceries,2023-08-29,28073.62,24463.41,3610.21,0,21.71,3.12,202.63,4.49
7,5,South,Clothing,2024-07-17,46881.86,29401.77,17480.09,0,13.18,3.08,234.02,7.82
13,2,North,Sports,2023-04-06,38170.62,32862.89,5307.73,0,30.11,4.1,223.89,9.72
7,10,North,Electronics,2024-04-29,34187.25,24375.9,9811.35,1,18.67,4.07,246.32,6.21
17,6,North,Home,2024-02-11,44900.14,38802.12,6098.02,0,27.57,3.2,202.31,6.66
10,10,South,Electronics,2023-08-19,34950.04,28611.1,6338.94,0,27.74,3.1,224.1,4.68
10,8,North,Electronics,2024-10-16,43257.48,27306.34,15951.14,1,31.58,3.62,247.94,9.24
4,4,North,Sports,2023-06-20,16086.71,13665.03,2421.68,0,32.36,2.52,231.36,9.8
20,2,East,Home,2024-06-24,22768.56,18320.79,4447.77,0,25.43,2.67,233.0,8.5
4,5,North,Home,2023-02-05,37478.47,22850.27,14628.2,1,19.93,2.75,205.83,6.8
7,2,East,Groceries,2024-06-08,45130.63,28888.6,16242.03,0,35.12,2.87,207.94,9.7
1,2,North,Clothing,2023-06-09,19199.64,15180.93,4018.71,0,19.3,3.52,240.62,4.08
12,6,East,Sports,2024-11-29,14696.85,11739.55,2957.3,0,25.23,4.48,240.5,6.35
13,10,South,Home,2023-08-31,31716.32,26134.1,5582.22,0,22.04,3.81,258.75,6.76
10,9,South,Sports,2023-03-27,8023.87,6548.07,1475.8,0,35.65,2.62,242.72,6.44
15,4,West,Groceries,2024-07-31,37154.38,29643.84,7510.54,0,22.96,3.55,229.59,8.62
13,6,North,Electronics,2024-11-12,36641.23,30407.52,6233.71,0,21.58,3.49,251.44,7.69
9,7,West,Home,2024-07-10,20973.47,16202.54,4770.93,0,30.69,2.79,206.27,3.89
9,6,West,Groceries,2024-07-27,45170.49,30636.32,14534.17,0,28.07,4.34,226.96,5.43
15,8,East,Sports,2024-10-07,27598.15,24112.86,3485.29,0,13.22,3.38,217.23,5.37
10,4,South,Groceries,2023-01-28,34059.42,20621.76,13437.66,0,25.25,4.49,206.28,6.96
10,1,North,Groceries,2024-09-11,14431.03,10245.58,4185.45,0,32.06,3.34,245.81,5.04
8,7,North,Groceries,2024-07-09,23780.32,19468.02,4312.3,0,39.76,3.72,230.65,3.82
16,3,East,Groceries,2023-12-06,43808.79,31899.23,11909.56,0,28.87,2.71,233.41,7.58
17,6,West,Groceries,2023-11-27,14582.28,8858.01,5724.27,0,21.11,3.41,224.68,8.96
5,2,East,Groceries,2024-10-01,22575.85,13992.38,8583.47,0,16.78,2.98,227.62,9.52
4,9,West,Clothing,2024-05-20,28235.39,22435.59,5799.8,1,36.18,4.17,206.96,9.81
18,1,North,Sports,2023-12-14,11799.96,10495.59,1304.37,0,34.44,4.07,240.38,8.47
19,6,East,Electronics,2024-04-17,18037.31,13808.63,4228.68,0,17.02,4.15,225.95,3.98
4,6,West,Sports,2023-08-19,15474.75,11637.44,3837.31,0,16.02,3.95,249.01,8.97
7,5,East,Home,2023-07-09,52148.6,36269.22,15879.38,1,31.45,4.17,211.78,5.8
10,5,South,Home,2023-08-13,38348.55,25962.24,12386.31,0,19.45,2.9,212.3,8.11
18,1,East,Sports,2024-01-20,19224.57,11655.77,7568.8,0,19.19,3.4,238.75,6.72
19,10,North,Groceries,2024-01-12,39350.26,26832.41,12517.85,0,14.57,3.88,250.76,8.8
4,5,East,Clothing,2023-10-10,5996.3,4405.68,1590.62,0,17.92,3.77,228.33,5.98
10,2,North,Electronics,2024-09-24,28693.61,18920.13,9773.48,0,22.83,3.93,243.62,3.43
1,7,North,Groceries,2024-09-19,16265.06,10185.25,6079.81,0,31.99,2.95,259.96,6.9
18,3,East,Sports,2023-09-16,18408.97,15009.17,3399.8,1,20.09,2.7,259.42,4.2
5,4,East,Sports,2023-12-25,44769.13,38876.89,5892.24,0,19.86,4.33,244.66,9.76
15,3,East,Clothing,2024-12-10,13970.32,12308.29,1662.03,0,18.55,3.62,244.38,6.69
17,3,South,Clothing,2024-03-31,50300.59,39506.06,10794.53,1,24.35,2.81,214.86,6.87
3,4,South,Sports,2024-02-15,23595.02,14530.58,9064.44,0,15.42,4.09,250.01,9.35
12,5,West,Groceries,2024-10-10,5643.08,4640.07,1003.01,0,24.57,4.33,224.31,7.37
2,1,East,Groceries,2023-11-14,37963.98,24032.28,13931.7,0,31.13,2.84,257.72,5.12
1,4,West,Groceries,2024-11-07,31836.19,25498.38,6337.81,0,10.89,4.13,204.89,5.07
17,8,West,Electronics,2023-08-13,20487.73,17082.87,3404.86,0,10.29,4.37,226.15,6.51
16,10,North,Electronics,2023-08-22,17669.57,14449.46,3220.11,0,12.25,4.38,233.35,9.07
5,7,West,Groceries,2024-11-14,8316.11,7364.46,951.65,0,26.07,4.33,224.31,8.56
15,9,East,Sports,2024-10-25,47364.15,38906.99,8457.16,0,35.63,3.59,212.63,9.74
3,5,South,Clothing,2024-01-09,27229.32,22000.28,5229.04,0,10.15,3.21,235.58,3.5
7,10,West,Home,2024-11-02,8848.6,6003.98,2844.62,0,38.1,2.51,245.36,4.88
11,4,West,Clothing,2024-08-30,44090.59,38686.43,5404.16,0,13.19,2.62,238.69,3.56
10,8,South,Clothing,2024-04-16,17547.49,11473.66,6073.83,0,35.26,3.36,214.07,8.26
9,9,West,Home,2023-08-21,14162.12,12341.85,1820.27,0,24.49,3.3,243.9,3.99
14,7,East,Groceries,2024-11-22,17642.18,12240.12,5402.06,0,29.78,2.87,215.41,3.7
13,7,West,Clothing,2023-04-23,38574.7,24651.13,13923.57,1,25.32,3.29,210.51,6.93
2,5,North,Home,2024-05-11,8332.54,7066.03,1266.51,0,24.31,2.85,241.44,5.88
3,4,West,Sports,2024-03-17,26679.06,16027.41,10651.65,0,35.05,4.2,250.57,8.01
7,10,North,Sports,2024-07-17,45308.46,38495.27,6813.19,0,32.68,3.1,228.89,6.41
18,1,South,Sports,2023-09-25,13467.72,9140.45,4327.27,0,24.5,3.7,231.88,5.98
3,10,South,Groceries,2024-05-24,19903.49,17224.81,2678.68,0,13.35,3.51,218.16,5.98
10,10,West,Clothing,2024-01-21,22825.49,18430.3,4395.19,0,13.46,2.6,229.68,9.1
7,7,West,Clothing,2024-01-22,31379.93,25099.39,6280.54,0,34.05,4.38,207.92,5.77
9,1,South,Electronics,2023-04-23,46366.44,32901.43,13465.01,0,25.88,3.55,257.35,5.33
17,1,North,Sports,2024-09-04,22754.26,14058.06,8696.2,0,24.45,3.15,248.02,5.37
11,5,South,Groceries,2024-09-16,8111.88,6887.16,1224.72,0,30.42,2.82,240.08,4.38
7,9,South,Home,2023-03-22,20657.79,13453.82,7203.97,0,35.77,3.18,232.29,9.02
14,6,North,Groceries,2024-11-29,13553.84,9645.96,3907.88,0,28.87,2.54,247.53,4.03
19,3,South,Clothing,2023-04-23,34329.85,26780.94,7548.91,0,32.89,3.23,229.69,9.36
4,3,West,Sports,2023-01-02,6316.79,4703.96,1612.83,0,32.96,3.56,218.0,4.98
6,7,West,Electronics,2024-10-03,18136.85,11963.03,6173.82,0,20.69,4.24,209.62,9.3
10,6,South,Groceries,2023-08-08,29532.81,18965.52,10567.29,0,18.22,3.87,238.86,8.54
7,9,West,Electronics,2024-07-19,17480.04,11134.33,6345.71,0,34.03,2.72,255.77,7.07
13,6,East,Clothing,2023-08-13,29794.79,25590.82,4203.97,0,21.32,2.8,209.22,7.69
14,5,South,Home,2024-01-20,10162.05,6193.44,3968.61,0,37.1,3.36,210.8,5.28
4,10,East,Groceries,2024-02-07,47426.25,42356.59,5069.66,0,12.09,2.89,226.02,7.02
8,7,South,Clothing,2024-09-29,18090.81,11931.95,6158.86,0,11.75,2.56,248.41,5.05
5,1,South,Sports,2023-05-10,47887.81,30317.61,17570.2,1,37.81,4.11,217.64,5.82
1,7,East,Groceries,2023-02-22,19662.59,15200.98,4461.61,0,29.45,2.54,215.23,8.35
4,3,South,Electronics,2024-11-14,40182.81,25073.9,15108.91,0,21.39,4.16,237.2,4.71
3,9,West,Groceries,2024-12-30,16078.43,12553.01,3525.42,0,32.65,2.79,232.14,8.87
9,6,East,Clothing,2024-11-02,35139.6,30050.96,5088.64,0,30.17,4.45,203.61,5.63
8,9,South,Clothing,2024-12-10,27459.66,16870.38,10589.28,1,25.94,3.71,204.89,6.73
1,5,West,Electronics,2024-02-20,27912.16,23445.11,4467.05,0,12.97,3.97,238.58,9.59
6,7,East,Clothing,2023-09-04,35321.64,25373.06,9948.58,0,34.37,2.72,227.91,7.77
9,4,East,Groceries,2024-03-14,31499.71,20407.0,11092.71,0,35.98,4.22,258.26,7.52
7,7,West,Electronics,2023-07-22,30932.63,20193.72,10738.91,0,15.17,4.18,240.71,7.98
4,1,South,Clothing,2023-07-03,7955.64,6966.19,989.45,0,35.52,3.81,200.6,9.43
13,7,South,Clothing,2023-05-03,16208.46,10262.9,5945.56,0,36.34,3.5,228.86,4.74
17,8,East,Groceries,2024-02-05,30732.77,26431.25,4301.52,0,26.48,3.94,224.87,7.29
2,5,North,Clothing,2023-10-21,5824.27,4445.51,1378.76,0,29.69,2.51,206.4,5.8
5,2,South,Groceries,2023-10-07,16278.99,9958.13,6320.86,0,21.47,3.68,255.39,3.08
12,5,South,Sports,2024-09-01,18436.9,13631.19,4805.71,1,18.45,4.19,248.3,3.88
8,6,West,Groceries,2023-07-17,16243.52,13729.59,2513.93,0,31.66,3.21,213.81,5.27
6,2,North,Home,2024-05-25,29102.43,23801.74,5300.69,0,35.86,2.72,215.36,6.95
8,6,North,Clothing,2023-05-24,31188.22,23286.21,7902.01,0,29.62,3.34,201.92,9.17
18,6,East,Sports,2024-08-31,45904.91,39387.1,6517.81,0,25.35,3.95,217.8,8.54
3,1,West,Electronics,2023-07-20,22371.4,14230.66,8140.74,0,14.77,2.71,235.08,6.87
12,1,West,Home,2023-05-04,46696.05,40764.83,5931.22,0,11.6,2.91,225.25,3.52
3,10,South,Electronics,2023-07-06,34337.95,29322.29,5015.66,0,23.37,2.8,258.16,5.0
6,3,East,Home,2023-11-22,50388.23,40939.58,9448.65,1,11.48,4.09,203.36,5.57
2,10,South,Sports,2024-04-08,42506.24,35933.34,6572.9,0,27.08,2.63,235.49,7.35
12,10,North,Sports,2023-12-15,35941.21,27428.34,8512.87,0,21.48,3.87,251.5,3.45
2,3,West,Sports,2024-10-21,21024.77,16873.4,4151.37,0,32.72,3.23,228.84,6.71
6,4,East,Home,2024-02-07,15849.97,12175.62,3674.35,0,19.17,4.01,200.18,9.31
17,2,South,Groceries,2023-12-12,15007.61,10604.81,4402.8,0,27.79,4.43,214.57,7.94
3,9,South,Electronics,2024-05-25,47847.82,36874.32,10973.5,0,26.13,2.73,219.43,8.58
2,10,North,Groceries,2023-05-27,48135.82,32599.48,15536.34,0,10.14,3.13,257.96,7.77
20,7,West,Groceries,2023-05-28,39829.34,29158.41,10670.93,1,12.17,4.12,254.71,4.45
8,7,North,Clothing,2024-12-11,44770.82,30633.66,14137.16,0,18.71,3.03,256.95,3.77
12,6,South,Electronics,2024-05-03,46354.83,29521.83,16833.0,0,36.47,2.93,249.55,8.81
4,3,West,Home,2024-10-01,28020.03,19517.59,8502.44,0,14.41,4.15,221.1,7.87
5,6,West,Clothing,2024-07-04,33307.69,28497.93,4809.76,0,31.33,4.47,254.35,7.03
13,8,North,Clothing,2023-12-04,23843.95,17032.31,6811.64,0,39.2,3.61,258.9,4.32
15,8,West,Sports,2024-10-02,23832.08,19647.19,4184.89,0,33.72,3.06,221.0,7.22
16,9,North,Home,2024-04-17,6729.3,4391.27,2338.03,0,17.29,3.3,215.63,3.22
10,1,West,Groceries,2023-05-31,24521.97,17835.46,6686.51,0,37.25,2.84,232.81,3.83
16,1,West,Groceries,2024-02-19,35307.04,22400.79,12906.25,0,12.79,4.02,211.23,5.18
12,3,East,Groceries,2023-10-25,23989.2,15391.14,8598.06,0,24.04,4.05,201.96,6.11
17,3,West,Sports,2024-09-02,44258.44,34753.1,9505.34,0,36.63,4.25,256.75,3.84
16,10,South,Groceries,2023-09-20,19965.33,15617.77,4347.56,0,29.24,2.55,255.54,3.84
12,8,East,Electronics,2023-05-24,10970.69,7284.67,3686.02,0,22.41,3.62,209.76,8.08
8,10,North,Groceries,2023-12-12,41520.14,30821.52,10698.62,0,18.78,2.93,224.46,6.99
20,1,South,Groceries,2024-09-15,35327.66,30346.17,4981.49,0,21.25,3.18,249.86,6.74
3,2,North,Electronics,2024-07-25,15881.88,10359.12,5522.76,0,25.27,4.07,239.66,6.17
16,2,North,Sports,2023-01-02,29140.31,17652.13,11488.18,0,19.57,2.88,223.69,9.84
13,3,South,Clothing,2023-10-31,23083.36,18365.09,4718.27,0,39.07,3.78,244.65,3.35
19,6,North,Home,2023-09-11,47248.69,29107.53,18141.16,0,37.99,3.81,253.82,4.26
8,1,East,Sports,2024-10-13,32329.94,28902.39,3427.55,0,36.12,4.41,255.57,7.53
5,2,South,Groceries,2024-03-28,12127.52,9494.47,2633.05,0,22.65,4.05,222.73,3.95
20,1,North,Clothing,2023-02-06,27596.68,20452.42,7144.26,0,30.74,4.11,210.41,7.13
8,5,North,Home,2023-06-09,43815.06,31941.08,11873.98,0,37.08,3.56,254.77,6.97
12,7,West,Home,2023-01-09,35217.35,27185.02,8032.33,0,35.51,2.87,205.55,9.8
1,8,West,Home,2023-08-21,42910.34,26912.82,15997.52,0,22.43,3.35,243.3,9.18
20,10,North,Electronics,2023-04-09,16267.97,14299.64,1968.33,0,13.37,3.6,208.43,9.62
6,1,South,Electronics,2024-10-20,44975.81,35427.11,9548.7,0,12.27,3.86,223.36,3.8
18,7,East,Clothing,2023-07-27,40975.61,26846.96,14128.65,1,27.31,3.72,224.69,9.08
8,5,North,Groceries,2023-05-11,37801.12,29060.53,8740.59,0,29.28,3.29,209.53,3.9
7,10,North,Clothing,2024-02-08,20594.35,13179.91,7414.44,0,35.5,3.03,255.36,7.43
1,1,North,Groceries,2023-06-01,44944.61,27203.44,17741.17,0,18.78,2.84,200.16,8.04
16,3,West,Sports,2023-02-23,33709.07,26601.68,7107.39,0,15.02,3.89,253.63,4.13
12,7,South,Home,2023-04-30,43332.78,34429.84,8902.94,0,21.37,3.79,253.03,7.43
6,10,North,Home,2024-11-03,21243.72,16466.2,4777.52,0,20.61,3.87,219.02,3.37
20,1,West,Electronics,2024-09-19,11554.34,7568.61,3985.73,0,13.97,3.25,242.26,5.05
2,7,North,Sports,2024-08-09,19955.17,15585.57,4369.6,0,30.17,3.02,215.17,9.45
14,5,North,Sports,2024-09-16,25486.9,15724.23,9762.67,0,25.26,4.02,245.53,4.2
4,1,South,Groceries,2024-02-24,29003.33,22702.98,6300.35,0,31.63,4.05,233.67,3.46
1,1,West,Sports,2024-02-26,27986.41,21443.33,6543.08,0,20.58,3.41,218.01,6.11
18,1,East,Electronics,2023-04-14,29572.46,23556.73,6015.73,0,19.77,3.72,224.01,8.95
13,9,South,Groceries,2023-09-11,42876.76,37244.58,5632.18,0,24.18,3.25,241.39,3.54
2,3,East,Clothing,2023-08-15,16633.36,14223.31,2410.05,1,36.32,3.9,254.37,5.49
9,5,West,Groceries,2023-04-22,21783.47,19478.7,2304.77,1,11.21,4.17,207.84,9.3
2,10,West,Clothing,2024-05-24,44987.38,40167.99,4819.39,0,34.14,3.88,234.28,3.83
9,9,East,Groceries,2024-04-17,30220.62,25134.37,5086.25,0,21.07,3.53,215.22,5.17
1,6,West,Home,2023-04-09,34466.86,30569.55,3897.31,1,35.64,3.42,248.08,8.45
11,9,South,Clothing,2023-06-02,26512.81,22805.93,3706.88,0,34.07,3.78,204.21,6.8
3,8,North,Electronics,2023-12-04,29703.86,24305.92,5397.94,0,20.46,3.86,241.34,8.83
20,8,East,Clothing,2024-12-06,15204.9,9466.8,5738.1,1,30.82,3.62,210.5,3.78
4,1,North,Clothing,2023-06-12,29609.01,18201.1,11407.91,0,14.79,3.75,235.78,9.44
18,9,East,Groceries,2024-12-20,49872.79,42455.7,7417.09,0,36.89,2.69,250.14,9.54
6,6,North,Home,2024-11-11,30472.14,22759.54,7712.6,0,22.13,4.4,245.3,4.09
3,9,North,Groceries,2023-06-10,6998.11,5909.08,1089.03,0,23.67,4.08,245.18,3.24
11,3,South,Groceries,2024-08-02,40839.6,28337.6,12502.0,0,31.17,3.25,231.07,9.93
15,3,North,Home,2024-02-02,22841.39,16429.7,6411.69,0,34.63,3.63,253.44,6.38
5,6,East,Groceries,2023-10-04,11915.43,9652.17,2263.26,0,17.09,2.59,235.29,7.0
20,9,North,Home,2024-05-18,43813.39,38319.1,5494.29,0,29.84,2.58,255.05,7.31
10,7,West,Electronics,2024-01-27,13908.8,8711.48,5197.32,0,21.76,3.0,232.79,8.53
12,3,North,Home,2023-05-15,46434.53,39861.42,6573.11,0,21.06,3.88,230.36,8.68
15,3,North,Sports,2023-07-14,24880.84,20847.75,4033.09,0,30.7,4.2,213.34,4.36
17,2,West,Home,2024-02-05,39740.87,27606.46,12134.41,1,21.62,3.62,232.69,4.66
10,9,West,Home,2024-10-01,29614.81,20924.79,8690.02,0,20.38,3.56,208.44,9.14
6,3,East,Sports,2023-02-02,16548.21,10159.58,6388.63,0,35.08,3.3,252.18,8.74
18,5,West,Home,2024-11-18,35199.06,21285.65,13913.41,0,13.04,2.82,240.55,7.32
13,9,West,Clothing,2024-04-04,48106.06,35747.7,12358.36,0,30.28,2.74,259.62,9.96
3,8,East,Groceries,2024-04-14,39633.66,24916.17,14717.49,0,17.46,4.02,205.53,8.15
10,2,East,Groceries,2024-01-10,32180.81,21181.43,10999.38,0,10.46,4.36,214.44,4.51
14,3,North,Electronics,2023-01-22,49578.26,42341.33,7236.93,0,15.0,3.42,252.63,8.93
6,2,South,Electronics,2024-10-31,16939.7,13065.73,3873.97,0,28.2,3.82,223.72,5.9
3,8,East,Sports,2023-02-07,7805.37,6166.94,1638.43,0,31.27,4.33,227.98,3.25
16,6,West,Clothing,2023-08-18,6445.89,4230.08,2215.81,0,10.63,2.68,251.64,5.25
7,6,North,Electronics,2023-12-31,36980.95,31381.98,5598.97,0,11.09,4.04,231.31,8.34
20,9,West,Groceries,2024-07-16,42360.46,36446.68,5913.78,0,37.08,3.73,211.61,9.72
14,8,East,Electronics,2024-03-13,33579.52,25419.64,8159.88,0,12.2,3.7,253.52,4.93
9,4,South,Electronics,2023-10-10,45726.2,39954.06,5772.14,0,36.83,3.09,201.86,4.73
15,4,North,Home,2023-01-27,40893.6,34900.59,5993.01,1,16.84,3.87,253.72,6.95
3,9,East,Electronics,2023-08-14,21692.96,17775.15,3917.81,0,32.2,4.09,203.03,8.68
2,1,East,Sports,2023-10-04,13156.62,10791.36,2365.26,0,19.29,2.73,239.95,8.23
2,2,West,Groceries,2024-08-31,46609.14,29439.17,17169.97,0,35.76,3.57,204.3,6.92
3,2,South,Sports,2023-10-11,9661.87,6582.16,3079.71,0,31.01,2.7,242.37,7.42
18,6,East,Sports,2024-04-25,29434.48,18250.97,11183.51,0,22.05,4.25,202.04,4.69
14,4,West,Clothing,2024-03-28,19130.36,11528.04,7602.32,0,12.29,3.52,250.55,6.03
20,10,North,Home,2024-10-20,17213.68,11145.73,6067.95,0,31.98,4.12,227.96,4.79
18,3,West,Sports,2024-05-30,34062.57,29435.04,4627.53,0,28.51,3.24,205.61,9.19
10,3,North,Clothing,2024-06-30,15405.66,10352.02,5053.64,0,10.09,2.75,242.41,3.79
2,3,West,Groceries,2023-07-11,46236.43,41198.79,5037.64,0,10.28,2.58,229.36,7.76
1,6,South,Groceries,2023-02-18,23271.98,18133.23,5138.75,0,34.26,3.06,211.46,4.82
4,8,West,Clothing,2024-05-26,35481.89,23814.65,11667.24,0,17.78,2.99,200.94,6.33
14,7,South,Sports,2023-01-17,37749.01,28279.26,9469.75,0,29.08,3.62,225.08,5.1
1,4,South,Sports,2023-06-21,35732.38,23788.06,11944.32,0,23.63,2.54,205.14,5.26
14,4,North,Home,2023-08-08,45653.01,40868.21,4784.8,0,35.9,3.54,205.65,4.82
16,10,West,Home,2023-06-07,15400.89,13155.12,2245.77,0,37.51,3.28,216.04,8.27
14,2,West,Groceries,2024-04-21,14758.94,8971.54,5787.4,1,39.9,3.65,237.83,5.56
20,1,West,Home,2023-02-15,7495.96,6628.92,867.04,0,14.61,3.9,231.79,8.08
3,9,South,Clothing,2024-01-08,44502.99,36328.66,8174.33,0,35.89,3.77,204.14,6.19
3,2,East,Groceries,2024-06-01,48797.92,30484.76,18313.16,0,17.98,4.47,258.11,6.83
9,8,West,Sports,2023-04-09,18613.69,14913.13,3700.56,0,27.72,2.78,253.23,6.8
6,9,West,Groceries,2023-02-06,36208.13,28752.08,7456.05,0,25.17,3.36,215.55,9.83
13,4,East,Electronics,2023-10-07,5401.08,3595.16,1805.92,0,10.54,3.35,207.34,5.57
2,8,North,Groceries,2023-12-15,13488.42,11162.13,2326.29,0,37.98,3.33,256.54,4.45
8,9,West,Home,2024-05-11,36017.35,22551.16,13466.19,0,12.35,3.83,227.67,9.38
2,10,East,Clothing,2023-10-29,7964.92,5948.47,2016.45,0,30.65,3.48,218.67,4.22
4,10,West,Sports,2023-06-30,26082.95,15727.42,10355.53,0,33.55,3.53,229.42,8.84
15,5,South,Sports,2024-08-29,34816.25,31008.09,3808.16,0,33.86,3.36,246.36,4.05
4,7,East,Home,2023-04-09,39468.12,32579.71,6888.41,0,14.06,4.48,210.1,7.61
13,10,South,Home,2024-11-30,25421.72,16464.52,8957.2,0,23.43,4.36,246.05,4.05
12,4,East,Home,2023-04-26,33362.78,23437.43,9925.35,0,34.88,3.12,244.97,9.46
13,1,North,Electronics,2023-07-10,29280.9,18978.96,10301.94,0,19.08,2.72,232.36,6.96
14,3,South,Clothing,2023-09-10,7353.76,6103.51,1250.25,0,24.03,4.18,251.95,5.3
20,5,West,Electronics,2023-06-10,38426.21,23734.67,14691.54,0,18.18,4.49,207.93,3.98
18,3,East,Home,2023-09-13,12756.29,10869.92,1886.37,0,23.91,3.09,235.73,5.6
6,7,West,Clothing,2023-11-19,12530.66,11060.3,1470.36,1,36.64,3.22,226.96,7.94
11,9,North,Home,2023-05-08,25302.56,20317.66,4984.9,0,23.65,4.38,225.34,5.69
2,6,East,Clothing,2023-01-18,43953.69,29180.4,14773.29,0,26.68,3.92,215.15,4.72
19,10,North,Sports,2024-07-19,11787.32,8345.74,3441.58,0,22.12,3.09,222.34,7.04
19,1,East,Electronics,2024-07-23,5578.59,4145.85,1432.74,0,23.8,3.66,206.49,5.92
5,7,South,Home,2023-11-19,16258.86,12704.47,3554.39,1,10.46,4.39,215.1,4.16
19,3,West,Home,2024-11-16,21364.66,17104.52,4260.14,0,18.51,4.12,216.32,4.08
2,5,South,Groceries,2024-09-17,31107.73,23836.75,7270.98,0,23.1,3.98,243.24,7.95
10,10,South,Sports,2023-10-15,13685.55,9653.71,4031.84,0,29.01,3.97,202.91,9.82
2,4,South,Home,2024-10-24,41088.38,35634.93,5453.45,0,23.5,2.86,239.07,4.63
11,10,South,Electronics,2024-09-30,45099.22,28160.75,16938.47,1,20.13,4.15,213.28,8.41
18,5,East,Sports,2023-06-04,36313.86,26867.78,9446.08,0,21.64,3.05,204.91,3.61
15,5,West,Home,2024-05-04,30074.58,25042.18,5032.4,1,17.27,4.36,218.05,5.67
9,6,East,Electronics,2024-01-21,21434.76,13252.29,8182.47,0,37.73,3.23,213.47,6.55
19,10,East,Groceries,2023-04-14,21901.4,17775.19,4126.21,0,25.65,4.22,233.12,4.88
9,10,East,Groceries,2024-01-28,27638.17,23379.5,4258.67,0,10.4,3.03,221.44,6.71
3,6,South,Electronics,2023-09-03,8479.16,6768.48,1710.68,0,10.58,3.53,257.96,9.18
9,8,North,Sports,2023-06-25,35703.75,21560.82,14142.93,0,39.19,2.71,257.81,9.61
14,8,South,Electronics,2023-02-08,20817.84,13615.72,7202.12,0,16.64,3.82,226.62,3.7
19,9,East,Electronics,2024-04-21,15114.15,10619.71,4494.44,0,34.17,4.17,247.71,4.9
7,8,South,Groceries,2024-11-12,17524.72,11743.44,5781.28,0,11.75,3.94,200.8,9.85
16,2,West,Groceries,2024-06-21,13113.24,11654.99,1458.25,0,37.63,3.55,232.87,4.89
16,10,West,Groceries,2024-02-12,45570.56,36250.39,9320.17,0,36.23,2.59,244.6,7.85
1,1,South,Home,2024-06-08,12606.69,8687.16,3919.53,0,27.13,4.37,213.02,4.77
4,10,South,Home,2024-05-20,44731.68,39315.09,5416.59,0,10.27,3.91,203.67,5.49
4,2,North,Clothing,2023-02-05,30750.95,25282.76,5468.19,0,17.73,3.99,209.36,4.34
7,2,South,Home,2024-11-15,44035.29,30181.0,13854.29,0,22.2,4.09,226.51,8.99
8,3,South,Sports,2023-01-20,26332.89,18792.85,7540.04,0,23.8,4.0,230.38,9.18
17,10,North,Sports,2023-11-17,46743.52,30842.71,15900.81,0,18.93,3.38,222.85,5.08
5,7,South,Groceries,2024-05-26,14517.08,12939.4,1577.68,0,10.99,3.97,226.4,8.77
7,2,South,Electronics,2024-02-04,29961.13,22626.31,7334.82,0,27.7,3.75,228.21,5.51
20,1,South,Groceries,2024-10-15,10662.74,9263.97,1398.77,0,25.72,4.21,246.17,3.69
20,6,South,Electronics,2024-04-15,30853.25,21719.14,9134.11,1,18.49,4.1,206.31,8.31
4,9,South,Groceries,2023-05-23,30645.67,26301.72,4343.95,0,11.14,2.58,246.14,7.18
6,3,East,Groceries,2023-04-02,32255.38,19874.67,12380.71,0,39.84,3.26,241.32,4.92
7,6,South,Sports,2023-12-20,21448.8,19188.68,2260.12,0,24.46,2.57,244.5,4.77
18,3,North,Electronics,2024-12-27,8435.1,7368.99,1066.11,0,32.68,2.7,244.07,9.83
5,1,South,Clothing,2023-02-20,34489.67,24451.83,10037.84,0,23.57,3.7,228.24,9.04
20,5,East,Clothing,2024-10-26,26979.43,22458.13,4521.3,0,11.3,4.25,212.68,8.67
3,10,North,Groceries,2024-11-28,11159.55,9214.19,1945.36,0,19.29,2.74,232.2,3.9
7,4,North,Groceries,2024-07-28,52387.21,45596.59,6790.62,1,19.6,3.4,257.48,8.29
14,7,South,Sports,2023-07-09,48005.09,33227.99,14777.1,0,35.15,4.32,235.31,4.5
7,6,West,Electronics,2023-05-05,43547.28,32210.01,11337.27,0,29.63,4.13,200.66,9.84
5,10,East,Groceries,2023-05-30,42974.07,36936.21,6037.86,0,18.26,3.54,203.58,3.36
5,7,West,Clothing,2023-11-10,9440.21,7869.11,1571.1,0,39.03,4.04,259.57,5.46
2,5,South,Electronics,2024-07-23,51051.88,36657.29,14394.59,1,19.65,3.55,204.32,6.0
6,4,East,Groceries,2023-12-08,23017.13,19650.13,3367.0,0,39.95,2.82,202.76,8.77
15,7,West,Electronics,2023-11-01,12340.45,7578.1,4762.35,0,39.88,2.75,221.18,8.36
10,7,East,Sports,2024-11-22,41544.58,34673.68,6870.9,0,15.74,2.88,258.16,5.62
7,6,South,Clothing,2024-11-12,15157.88,10034.97,5122.91,0,19.38,3.2,219.12,6.96
5,8,East,Electronics,2023-02-23,33780.89,23168.16,10612.73,1,24.58,4.36,224.59,8.85
1,4,South,Clothing,2024-03-19,10760.72,8048.64,2712.08,0,29.92,4.1,238.04,3.13
13,10,West,Groceries,2024-09-04,26359.06,19371.81,6987.25,0,25.84,3.37,201.45,8.62
18,5,East,Home,2023-09-21,31931.66,24145.8,7785.86,1,39.08,3.49,253.87,9.63
13,4,North,Electronics,2023-02-22,29244.31,22326.06,6918.25,1,31.72,3.03,231.17,3.22
18,1,South,Clothing,2024-07-25,8126.91,5684.43,2442.48,0,16.36,3.91,228.01,3.32
5,8,East,Electronics,2024-09-11,26822.26,17503.36,9318.9,0,13.15,4.11,251.64,5.41
13,1,North,Groceries,2023-01-05,26102.43,21679.23,4423.2,0,30.65,2.98,257.18,3.61
4,5,North,Groceries,2023-04-13,16772.91,12076.38,4696.53,0,14.75,2.58,225.41,6.35
17,6,North,Clothing,2023-07-15,46472.07,34935.48,11536.59,0,33.63,3.75,210.35,8.1
3,6,North,Sports,2023-12-16,23800.65,18883.65,4917.0,0,19.33,3.63,248.94,6.97
17,5,South,Electronics,2023-02-16,43885.21,38307.02,5578.19,0,19.81,3.3,224.2,4.38
11,3,East,Electronics,2024-10-17,9934.87,8069.76,1865.11,0,10.32,3.79,256.13,7.58
20,5,North,Groceries,2023-09-26,19349.48,11873.57,7475.91,0,31.03,3.6,256.99,7.79
4,8,East,Electronics,2024-01-05,12934.89,11014.94,1919.95,0,13.4,3.0,206.89,9.53
2,2,East,Clothing,2024-09-27,23378.49,20965.98,2412.51,0,33.19,3.3,257.39,4.03
20,6,West,Home,2023-04-16,10023.65,7435.0,2588.65,0,24.76,3.36,222.1,7.85
16,9,East,Groceries,2024-10-31,24846.57,22135.24,2711.33,0,33.53,4.26,238.78,9.38
18,8,South,Home,2024-10-20,20924.18,15990.23,4933.95,0,27.52,4.42,202.09,6.51
8,8,South,Electronics,2024-10-18,15049.18,11104.56,3944.62,0,12.47,4.29,253.33,5.53
3,8,North,Sports,2023-04-30,33898.07,23709.04,10189.03,0,32.97,3.94,238.5,4.2
9,7,East,Clothing,2024-08-26,47791.02,38102.18,9688.84,0,12.09,3.67,238.61,9.07
20,8,South,Electronics,2023-02-27,14320.11,9579.38,4740.73,0,24.36,3.88,254.13,5.76
6,6,South,Clothing,2023-12-12,37030.59,23384.09,13646.5,0,15.17,4.38,230.5,9.47
10,2,South,Electronics,2024-04-18,38407.14,23358.11,15049.03,0,32.57,3.0,224.63,8.93
10,2,North,Electronics,2023-04-27,27415.42,18853.97,8561.45,0,37.35,3.57,251.97,5.64
13,8,South,Electronics,2023-05-07,45395.08,32626.86,12768.22,0,26.62,3.88,244.55,7.02
17,1,East,Groceries,2024-01-28,52857.33,40468.79,12388.54,1,25.81,3.86,256.94,3.19
9,6,South,Home,2024-10-02,21301.09,14651.42,6649.67,0,32.92,3.0,256.41,4.84
17,6,South,Sports,2023-02-27,34296.5,30702.84,3593.66,0,10.15,3.67,222.94,7.97
9,4,North,Home,2024-09-25,42075.04,28927.58,13147.46,1,37.53,4.09,226.82,7.75
9,10,East,Home,2024-05-27,23163.6,16962.53,6201.07,0,15.92,3.45,215.36,5.47
1,3,South,Clothing,2023-04-06,19255.6,12149.95,7105.65,0,39.52,4.09,239.64,8.66
2,3,East,Groceries,2024-09-29,47018.49,31887.37,15131.12,0,32.09,3.22,221.87,4.65
16,1,East,Groceries,2023-04-28,49019.32,30122.35,18896.97,1,33.23,4.38,247.17,6.23
1,3,South,Electronics,2024-07-13,10150.91,7794.4,2356.51,0,29.69,3.57,207.29,6.31
10,4,North,Home,2024-08-23,10394.78,8579.01,1815.77,0,24.15,3.69,206.98,5.39
18,5,East,Sports,2024-05-02,46514.42,30639.65,15874.77,0,27.15,2.56,212.27,9.68
8,3,West,Clothing,2023-08-25,8663.44,6154.28,2509.16,0,11.39,2.84,205.06,7.88
11,6,South,Groceries,2023-09-29,35978.96,21766.73,14212.23,0,28.72,3.77,237.2,6.77
2,5,East,Electronics,2023-07-08,15204.12,12951.73,2252.39,0,28.78,3.34,208.84,6.57
8,3,East,Sports,2024-12-04,6583.34,5490.43,1092.91,0,36.74,3.52,209.6,4.12
8,6,East,Home,2024-03-22,7683.69,4756.02,2927.67,0,25.17,2.63,200.85,5.61
17,6,South,Sports,2024-08-03,21808.49,15472.26,6336.23,0,12.31,4.17,246.93,7.71
15,8,West,Groceries,2023-09-04,8491.48,7528.43,963.05,0,19.19,4.07,248.74,9.47
17,2,East,Clothing,2023-03-17,31848.76,22854.93,8993.83,0,29.67,2.87,209.72,8.72
13,1,East,Home,2023-06-03,34126.45,25863.16,8263.29,0,17.18,3.77,244.37,5.1
19,4,North,Clothing,2024-10-17,21806.09,15407.59,6398.5,0,18.42,4.14,226.01,6.04
5,7,South,Sports,2024-03-10,38429.51,29930.42,8499.09,0,34.61,3.78,214.38,3.58
12,10,South,Sports,2023-03-27,27051.91,24169.45,2882.46,0,27.53,3.12,237.28,3.72
1,3,East,Electronics,2024-11-27,24360.28,21906.0,2454.28,0,25.26,3.81,210.71,6.29
5,3,North,Home,2023-10-12,23314.46,19407.29,3907.17,0,19.55,2.92,245.41,6.71
8,5,East,Sports,2023-08-08,24399.79,17599.41,6800.38,0,31.93,3.14,202.86,4.85
13,5,East,Groceries,2023-03-10,48554.94,36335.1,12219.84,0,18.63,2.98,257.55,7.5
8,10,South,Groceries,2023-02-16,35663.32,25214.66,10448.66,0,32.11,3.61,204.31,7.92
11,3,North,Clothing,2023-04-04,24027.03,21520.35,2506.68,1,12.1,2.72,234.77,5.09
1,9,East,Groceries,2024-03-28,39379.83,31989.34,7390.49,1,35.94,4.37,254.13,8.31
13,4,South,Sports,2023-07-23,19862.03,14592.22,5269.81,0,24.99,3.17,200.71,4.44
19,3,East,Groceries,2023-08-06,10657.17,6433.04,4224.13,0,23.16,2.94,229.91,6.81
3,2,East,Home,2024-04-18,26391.22,19955.59,6435.63,0,28.33,3.49,221.0,8.63
17,10,North,Clothing,2024-03-07,38796.07,34729.41,4066.66,0,28.73,3.05,234.82,6.76
5,9,North,Home,2023-12-07,21994.7,16648.19,5346.51,0,13.96,3.57,213.53,9.36
20,4,North,Sports,2024-07-04,48321.93,31637.72,16684.21,1,32.69,3.2,203.89,3.41
8,3,East,Sports,2024-09-03,22412.87,13596.28,8816.59,0,18.28,2.76,237.56,7.12
14,7,West,Groceries,2023-10-16,26655.01,18829.4,7825.61,1,37.15,3.03,225.01,6.93
4,8,North,Electronics,2023-09-11,49920.98,43704.24,6216.74,0,34.54,3.38,237.35,7.62
11,2,West,Electronics,2023-12-23,26711.24,24012.5,2698.74,0,20.39,2.56,212.63,8.83
20,7,West,Sports,2023-01-23,41234.95,36435.63,4799.32,0,34.23,4.04,220.32,8.08
15,5,West,Sports,2024-06-05,41224.46,33755.66,7468.8,0,20.69,3.74,233.7,8.53
19,5,South,Clothing,2023-04-10,46686.62,35829.31,10857.31,0,13.03,3.7,235.59,5.02
7,3,East,Sports,2023-06-29,8820.28,6855.17,1965.11,0,38.86,3.59,222.34,5.71
19,5,North,Sports,2023-08-11,17204.91,13104.94,4099.97,0,29.58,3.68,216.8,7.39
19,2,East,Clothing,2024-10-20,39548.66,32118.05,7430.61,0,23.68,4.37,216.42,6.87
11,4,East,Home,2024-03-17,30317.07,21999.94,8317.13,0,21.93,2.52,210.48,9.73
5,6,South,Home,2024-08-30,30182.67,24169.11,6013.56,0,19.74,2.6,219.52,4.31
5,1,South,Clothing,2023-11-21,12479.69,7943.12,4536.57,0,39.44,2.88,211.97,5.46
8,10,South,Clothing,2024-05-30,17651.89,11998.14,5653.75,0,14.04,2.83,238.03,7.01
10,4,East,Home,2023-01-16,31453.1,26760.33,4692.77,1,19.44,2.86,234.14,9.08
6,6,West,Home,2023-12-02,17473.16,15221.3,2251.86,0,24.56,3.84,222.96,9.51
15,9,East,Home,2023-09-15,14462.73,11016.3,3446.43,0,24.34,3.42,219.55,5.35
16,2,South,Home,2024-05-11,8949.02,5454.34,3494.68,0,24.14,4.48,214.26,3.47
17,7,East,Groceries,2023-06-09,12007.67,10543.84,1463.83,0,15.27,2.95,232.13,5.95
8,6,South,Clothing,2024-04-19,39599.05,32099.75,7499.3,0,14.35,3.12,255.13,5.76
8,2,South,Electronics,2024-10-25,37345.06,27045.61,10299.45,0,17.64,4.47,241.14,9.91
9,8,North,Groceries,2024-11-20,7062.52,5505.33,1557.19,0,37.44,4.16,244.66,6.02
2,7,West,Electronics,2024-11-05,14147.78,10312.78,3835.0,0,13.39,3.44,250.06,5.14
15,5,South,Electronics,2024-01-15,30220.49,22351.13,7869.36,0,32.72,3.61,221.1,5.56
18,5,North,Sports,2024-06-28,23154.45,20052.75,3101.7,1,32.73,4.19,203.77,5.78
3,7,West,Clothing,2024-11-21,45708.13,29633.74,16074.39,1,34.29,3.46,237.35,8.75
17,9,South,Groceries,2024-03-02,40324.52,25448.83,14875.69,0,36.6,2.91,211.32,3.57
4,9,West,Clothing,2024-09-04,45121.13,27109.62,18011.51,0,17.89,4.16,234.14,5.22
4,9,West,Home,2023-09-25,30331.91,21056.42,9275.49,0,16.74,3.58,244.37,9.76
14,6,East,Clothing,2024-07-30,20843.44,13427.85,7415.59,0,23.97,2.81,247.02,4.07
9,10,North,Electronics,2024-02-21,32272.91,21493.62,10779.29,0,17.95,3.51,218.11,8.2
9,6,West,Home,2023-06-17,9011.15,5437.07,3574.08,0,32.03,3.33,230.75,5.49
18,3,East,Clothing,2023-02-12,8314.01,5555.08,2758.93,1,29.08,4.25,237.26,7.07
10,1,West,Clothing,2024-07-09,8235.06,5763.01,2472.05,1,36.25,2.75,249.17,3.7
4,7,East,Electronics,2023-10-12,23339.43,14224.69,9114.74,0,12.48,4.25,245.68,5.14
12,4,South,Home,2024-02-01,15263.49,11941.72,3321.77,0,37.45,3.52,259.28,6.51
8,1,South,Electronics,2023-01-12,12080.2,9309.49,2770.71,0,18.8,3.31,200.49,4.62
2,8,East,Clothing,2024-08-29,32689.67,20565.42,12124.25,0,24.72,2.82,226.25,6.79
13,6,South,Groceries,2023-10-29,49779.28,38753.32,11025.96,0,23.16,3.9,215.36,4.54
16,6,South,Groceries,2023-09-10,12998.89,11693.75,1305.14,0,32.81,4.35,207.19,7.55
2,2,South,Sports,2024-05-13,34638.55,30597.64,4040.91,1,22.61,3.25,254.69,9.33
11,1,West,Groceries,2023-02-04,10387.74,6240.97,4146.77,0,38.31,2.98,259.88,3.6
10,2,East,Home,2024-12-27,47040.64,39448.92,7591.72,0,37.08,3.61,210.84,4.52
15,4,North,Sports,2023-03-31,18128.98,12800.54,5328.44,0,36.16,4.09,202.31,8.91
17,2,North,Home,2024-08-27,44525.29,27565.4,16959.89,0,12.14,2.51,216.5,7.42
8,1,East,Groceries,2024-08-24,17738.44,12218.15,5520.29,0,35.63,3.76,250.09,3.55
18,7,West,Groceries,2024-02-22,41272.36,28747.06,12525.3,0,33.45,3.69,217.63,6.4
9,8,South,Clothing,2023-04-25,14422.16,10917.19,3504.97,0,13.11,3.14,203.41,4.47
8,6,South,Home,2024-09-08,18175.52,14509.97,3665.55,0,13.22,3.4,203.15,4.39
14,4,West,Electronics,2023-07-15,13661.39,11266.78,2394.61,0,13.03,2.99,225.65,9.58
18,6,North,Clothing,2024-05-15,20041.43,13503.33,6538.1,1,10.34,4.08,255.91,8.33
20,3,East,Home,2024-09-17,42568.96,29650.61,12918.35,0,26.46,3.77,217.16,7.87
20,8,East,Sports,2024-05-07,33756.46,23376.84,10379.62,0,39.2,3.57,225.63,4.67
12,10,West,Home,2023-03-16,23264.59,16490.43,6774.16,0,23.16,3.29,206.12,3.83
19,2,South,Sports,2024-02-17,48718.45,43841.58,4876.87,0,26.22,3.08,229.61,9.1
14,5,South,Sports,2024-01-11,25918.77,21600.26,4318.51,0,39.04,4.15,241.79,3.04
17,1,South,Groceries,2024-02-24,54695.89,48815.93,5879.96,1,17.66,3.4,216.27,5.72
3,6,East,Electronics,2024-12-29,15542.29,12557.13,2985.16,1,35.75,3.5,217.8,4.94
7,2,North,Home,2023-10-04,45708.73,32996.27,12712.46,0,26.39,3.54,250.52,6.99
17,4,East,Electronics,2024-11-06,5622.0,4030.54,1591.46,0,27.08,3.4,200.62,4.75
12,6,West,Sports,2024-01-29,29538.64,22052.79,7485.85,0,20.3,3.01,238.19,5.18
9,10,East,Groceries,2024-04-01,24037.36,17428.55,6608.81,0,26.85,2.74,223.63,8.95
15,8,West,Electronics,2023-07-11,28628.95,24291.6,4337.35,0,12.19,2.7,217.9,7.22
18,8,East,Clothing,2024-11-19,29905.02,22114.78,7790.24,0,32.94,4.01,239.46,4.02
13,6,North,Sports,2023-04-09,22506.41,15499.81,7006.6,0,18.54,2.95,250.08,8.09
8,4,West,Clothing,2024-07-01,49918.9,41555.39,8363.51,0,36.63,2.61,233.5,4.45
14,8,South,Electronics,2023-04-06,48942.82,41911.02,7031.8,0,21.04,4.1,201.87,6.03
8,8,South,Electronics,2024-10-25,50795.58,36884.13,13911.45,1,14.28,2.81,227.68,7.53
14,10,East,Electronics,2024-10-24,49058.83,39263.87,9794.96,0,30.88,3.75,227.77,4.9
7,1,East,Home,2023-07-09,40685.56,25129.08,15556.48,0,14.94,3.18,232.63,5.69
12,4,North,Sports,2023-02-06,49486.57,37552.36,11934.21,0,32.61,2.75,240.26,8.14
11,4,North,Sports,2024-01-04,45156.21,27703.08,17453.13,0,39.04,3.33,201.16,9.57
11,7,South,Sports,2024-11-25,23716.97,14437.88,9279.09,0,33.39,2.53,230.12,6.7
13,7,East,Home,2024-06-08,40314.97,31602.0,8712.97,0,10.67,4.18,235.3,3.07
18,8,West,Electronics,2023-10-06,48901.98,33791.3,15110.68,1,28.0,3.53,220.6,5.37
2,5,North,Electronics,2023-08-05,37067.27,30497.51,6569.76,0,30.86,2.78,240.1,5.79
15,7,West,Clothing,2023-09-30,24025.21,20873.7,3151.51,0,34.76,2.97,213.69,5.37
20,8,West,Home,2023-03-03,7960.56,5109.23,2851.33,0,11.68,3.4,219.04,6.05
18,9,North,Groceries,2024-08-18,41436.36,33868.29,7568.07,0,24.4,2.88,257.77,7.43
15,3,East,Home,2024-12-29,47873.43,36113.61,11759.82,0,26.06,3.04,220.88,3.85
19,3,West,Clothing,2023-12-08,30279.81,19186.37,11093.44,1,15.07,3.57,220.79,4.91
12,4,East,Clothing,2024-02-01,11835.77,9415.09,2420.68,0,19.67,4.17,235.74,6.55
13,5,West,Clothing,2024-11-29,19692.67,15416.21,4276.46,0,23.21,3.3,258.26,5.21
11,10,East,Electronics,2023-01-19,31218.01,23560.0,7658.01,0,35.0,3.93,258.98,9.94
5,1,East,Groceries,2023-06-26,19261.81,16910.74,2351.07,0,37.88,4.25,234.78,6.02
1,7,East,Clothing,2024-09-03,38039.77,28770.39,9269.38,1,28.85,2.93,200.07,9.09
3,9,East,Sports,2024-01-31,56103.01,50333.07,5769.94,1,21.85,4.11,254.04,9.28
19,8,North,Electronics,2024-03-20,35183.05,26484.7,8698.35,0,17.62,4.01,234.21,8.85
7,5,West,Groceries,2023-08-21,21319.67,13532.78,7786.89,0,39.46,3.21,221.96,3.33
12,4,East,Sports,2023-03-17,47108.88,34914.34,12194.54,0,39.49,4.48,249.75,9.63
15,7,South,Groceries,2023-09-22,30453.59,19937.92,10515.67,0,37.75,3.03,223.99,3.9
5,5,West,Groceries,2024-03-30,16115.61,12556.32,3559.29,1,33.57,3.01,202.04,3.24
15,7,West,Sports,2024-12-18,27454.15,22181.3,5272.85,0,19.77,4.04,249.26,5.9
8,1,East,Home,2024-01-19,34413.64,25484.35,8929.29,0,34.51,3.37,232.75,4.36
10,1,West,Groceries,2024-07-17,42721.45,26885.07,15836.38,0,22.26,3.16,220.29,4.29
16,10,South,Home,2024-05-20,47141.46,34912.61,12228.85,0,19.8,2.86,215.05,5.01
8,3,South,Groceries,2024-01-02,19283.73,12041.46,7242.27,0,32.35,4.03,235.63,4.74
1,2,South,Sports,2023-05-24,11998.06,9654.09,2343.97,0,12.39,4.07,212.48,7.79
12,2,West,Groceries,2023-03-10,8322.29,6966.68,1355.61,0,11.46,3.63,219.43,4.31
5,7,West,Clothing,2023-04-09,38225.96,33971.95,4254.01,0,23.44,4.41,238.19,6.8
3,10,East,Clothing,2024-01-31,40782.12,26289.81,14492.31,0,23.37,3.14,252.89,9.9
1,2,West,Groceries,2023-01-25,23421.79,17794.15,5627.64,0,36.87,2.94,231.97,6.03
4,4,West,Sports,2024-04-13,22816.64,17574.77,5241.87,0,13.78,3.85,245.55,7.49
8,2,East,Sports,2024-04-28,47940.67,42031.64,5909.03,0,13.7,4.02,245.78,9.79
3,6,South,Electronics,2024-07-18,46250.66,36453.98,9796.68,0,14.42,2.95,239.86,3.96
10,8,East,Sports,2023-05-31,19847.4,12774.84,7072.56,1,10.89,2.65,214.75,5.93
2,10,North,Home,2023-05-24,40136.34,29335.87,10800.47,0,12.15,4.12,252.01,8.95
11,4,West,Groceries,2024-07-22,33021.52,26299.29,6722.23,0,29.8,4.45,226.18,9.53
10,5,West,Clothing,2023-02-08,11940.02,9672.44,2267.58,0,22.95,3.79,202.65,7.21
14,4,North,Sports,2023-04-19,21054.7,18084.35,2970.35,0,32.91,3.06,214.68,4.0
7,3,North,Clothing,2024-11-23,12986.28,8495.0,4491.28,0,39.78,4.49,245.93,9.31
2,5,North,Electronics,2023-02-11,18282.02,16188.05,2093.97,0,29.77,4.29,204.15,4.22
9,9,East,Groceries,2023-07-05,32688.55,20193.08,12495.47,0,11.51,3.53,208.84,5.47
16,8,South,Sports,2024-02-02,21886.95,19591.64,2295.31,0,13.14,4.15,241.65,5.63
13,8,East,Clothing,2023-08-11,22732.68,19489.41,3243.27,0,36.43,4.13,253.56,6.13
9,8,North,Sports,2024-09-25,29284.13,23371.13,5913.0,0,25.82,4.37,238.02,8.53
20,8,East,Electronics,2023-05-13,8925.09,7323.02,1602.07,0,34.75,4.18,213.34,8.62
4,7,West,Clothing,2023-06-12,38245.88,23781.58,14464.3,0,35.7,3.79,203.2,8.04
10,8,East,Clothing,2023-08-03,23076.93,14133.33,8943.6,0,37.83,3.72,236.91,3.15
12,8,North,Groceries,2023-08-23,26617.87,16783.36,9834.51,0,38.49,3.43,202.84,6.95
17,8,West,Groceries,2024-10-19,48843.49,30586.18,18257.31,0,26.64,3.75,236.76,8.23
14,10,South,Clothing,2024-08-10,24181.69,18479.99,5701.7,1,20.23,4.09,213.53,6.11
14,7,East,Groceries,2023-01-09,34169.85,22710.42,11459.43,0,38.86,4.44,254.28,9.61
2,1,East,Clothing,2023-03-15,22662.69,19445.99,3216.7,0,26.42,3.43,228.51,8.77
20,4,North,Home,2024-05-06,45242.72,33195.7,12047.02,0,11.93,3.65,213.44,7.47
11,4,South,Sports,2023-09-10,43104.03,34856.21,8247.82,0,29.28,3.39,251.19,3.44
16,5,West,Home,2023-08-18,15873.09,12632.79,3240.3,0,27.63,3.84,215.24,7.57
19,10,North,Home,2024-06-02,36128.56,25143.88,10984.68,0,36.87,3.76,218.4,9.38
6,6,North,Sports,2023-06-23,7932.74,5338.34,2594.4,0,29.6,2.54,250.06,5.66
19,4,East,Clothing,2024-10-14,56680.78,39831.67,16849.11,1,20.47,3.58,218.53,8.87
5,2,South,Clothing,2023-06-17,20704.55,17371.07,3333.48,0,38.99,2.68,224.61,5.19
4,6,North,Groceries,2023-06-19,42432.92,32922.98,9509.94,0,34.05,2.55,220.86,6.99
15,8,East,Electronics,2024-01-28,19329.41,13067.87,6261.54,0,28.91,4.08,206.98,7.54
4,8,West,Clothing,2024-09-25,33474.68,28297.95,5176.73,0,18.79,3.02,202.33,7.75
20,7,North,Sports,2023-07-13,49261.59,30366.21,18895.38,0,21.21,3.18,243.47,9.18
10,6,West,Electronics,2024-05-31,44453.74,35996.64,8457.1,0,30.1,2.63,238.71,4.64
3,2,West,Sports,2023-01-29,12216.47,8939.16,3277.31,0,12.16,2.86,216.94,4.84
5,7,East,Sports,2023-06-14,31102.31,25484.83,5617.48,1,17.7,4.03,217.74,7.93
6,5,South,Sports,2024-02-26,20683.93,18165.42,2518.51,0,31.42,3.49,256.7,4.24
8,6,West,Electronics,2023-12-05,24545.25,20250.08,4295.17,0,24.4,4.26,259.26,6.25
7,10,North,Home,2024-10-09,29090.76,21311.59,7779.17,1,22.07,3.29,228.41,3.14
10,8,South,Sports,2024-05-10,20118.17,12982.11,7136.06,0,14.54,3.04,248.15,3.99
6,8,South,Groceries,2023-12-31,29414.9,24764.56,4650.34,0,23.26,3.2,244.2,7.75
14,3,East,Clothing,2023-12-08,23094.46,17048.6,6045.86,1,33.12,3.93,217.84,8.23
4,7,North,Clothing,2024-05-14,29182.79,18169.02,11013.77,0,17.92,3.61,203.51,3.81
13,1,North,Clothing,2024-10-18,22274.84,18169.96,4104.88,1,10.16,4.31,208.55,4.59
20,1,East,Electronics,2024-05-25,18004.23,12378.91,5625.32,0,30.06,3.7,250.3,3.69
17,7,East,Groceries,2023-11-23,38243.66,23507.1,14736.56,0,39.18,3.49,243.87,6.03
7,10,South,Groceries,2023-08-05,12595.09,10968.12,1626.97,1,28.2,4.07,239.86,3.88
4,9,West,Groceries,2023-10-28,22142.56,16494.66,5647.9,0,13.6,4.4,207.84,6.06
14,7,West,Groceries,2023-05-12,23339.05,15970.64,7368.41,0,19.62,3.21,238.4,8.12
3,10,West,Groceries,2023-03-11,26829.96,21864.16,4965.8,0,36.03,3.0,246.33,7.78
5,5,West,Home,2023-09-09,36237.05,31372.98,4864.07,1,16.98,3.73,251.64,4.96
16,8,North,Groceries,2024-02-19,21635.91,12983.54,8652.37,0,28.23,3.5,200.79,7.72
20,2,North,Groceries,2024-03-20,14591.17,11765.67,2825.5,0,22.08,4.48,241.07,9.49
4,9,East,Electronics,2023-07-01,44819.28,37204.64,7614.64,0,16.24,3.42,201.15,5.43
2,6,East,Electronics,2023-06-16,49146.74,32583.22,16563.52,0,34.4,2.65,242.41,5.3
18,9,West,Groceries,2023-04-01,5900.66,4407.13,1493.53,0,32.28,4.45,238.14,7.0
19,2,East,Home,2024-12-14,29591.01,18547.22,11043.79,0,29.85,4.19,208.9,4.72
19,3,North,Groceries,2024-06-14,20376.61,16790.84,3585.77,0,17.09,2.86,245.97,7.56
17,8,West,Groceries,2023-02-08,17464.53,14918.84,2545.69,0,12.94,4.31,204.1,8.83
14,1,West,Groceries,2023-05-06,20106.79,12716.66,7390.13,0,27.28,3.18,249.58,6.22
19,10,North,Sports,2024-03-26,33749.5,28516.24,5233.26,0,26.61,3.25,215.72,7.76
13,7,South,Home,2023-06-22,13582.22,11293.22,2289.0,0,15.65,4.31,241.33,7.56
12,7,West,Clothing,2024-10-14,53540.11,37696.2,15843.91,1,11.69,3.56,255.42,3.27
6,1,East,Groceries,2023-08-08,25975.15,20964.2,5010.95,0,12.42,2.78,220.39,4.28
4,9,South,Clothing,2024-09-29,19650.96,11790.86,7860.1,0,39.78,3.24,230.17,9.25
19,8,North,Home,2023-02-27,39448.91,34696.87,4752.04,0,33.51,3.94,227.79,9.57
16,4,South,Groceries,2024-10-21,5735.6,4388.39,1347.21,0,37.66,2.85,209.46,8.46
13,10,South,Clothing,2024-04-20,24433.38,19207.12,5226.26,0,15.85,3.68,235.42,9.45
4,5,West,Clothing,2024-03-31,20988.66,16778.29,4210.37,0,38.82,3.89,244.58,5.14
17,2,South,Home,2023-12-27,20219.45,15536.84,4682.61,0,14.28,3.19,255.01,4.73
1,9,East,Groceries,2023-01-01,26729.34,22907.82,3821.52,1,25.27,3.89,251.05,5.69
18,6,West,Sports,2024-01-22,6407.21,5016.27,1390.94,0,34.89,4.27,230.6,3.39
20,3,North,Home,2023-12-14,11845.24,10332.93,1512.31,0,20.49,3.44,243.14,8.67
17,7,East,Sports,2023-07-09,11384.83,8819.82,2565.01,0,22.74,3.27,248.05,9.89
15,9,West,Groceries,2024-05-19,55854.86,36380.32,19474.54,1,13.85,3.0,229.61,8.77
11,3,South,Clothing,2023-07-10,5997.46,5242.19,755.27,0,13.69,3.71,206.93,6.88
13,2,East,Home,2024-05-22,12518.31,10070.83,2447.48,0,28.59,4.26,226.28,5.07
1,7,West,Home,2024-01-04,48837.85,39547.51,9290.34,0,30.27,3.15,250.55,4.38
17,7,West,Home,2024-02-13,33271.55,29799.48,3472.07,0,33.32,3.29,235.8,5.55
6,4,North,Electronics,2023-04-27,25280.02,15738.3,9541.72,0,26.7,3.31,243.47,7.67
4,9,West,Groceries,2023-05-14,8544.24,6225.14,2319.1,0,29.37,3.62,211.12,6.13
20,8,North,Electronics,2023-02-27,41001.14,27541.64,13459.5,1,10.41,2.96,257.86,9.54
16,1,South,Home,2024-07-09,16253.65,12826.21,3427.44,1,14.87,4.14,224.24,8.98
15,1,West,Home,2024-11-15,35203.38,29642.78,5560.6,0,39.55,3.09,239.22,3.72
15,5,West,Sports,2024-11-02,54287.38,48309.97,5977.41,1,12.28,3.91,201.13,3.92
6,6,South,Electronics,2023-06-22,28938.77,21309.9,7628.87,0,30.36,3.53,207.64,7.73
15,3,West,Clothing,2023-05-29,14633.81,12231.9,2401.91,0,15.28,3.67,246.92,4.62
14,9,West,Groceries,2023-03-21,33137.77,28999.38,4138.39,0,31.5,2.86,258.08,8.54
11,10,East,Clothing,2023-08-01,28081.84,22605.81,5476.03,0,31.18,3.97,219.2,7.14
7,6,North,Clothing,2023-07-22,28991.31,19505.93,9485.38,0,17.03,2.88,202.23,4.61
9,4,West,Groceries,2023-08-17,26514.81,20744.03,5770.78,0,18.09,2.73,221.65,6.35
16,7,West,Home,2024-11-06,35318.33,31468.12,3850.21,0,29.64,3.59,201.05,5.84
5,8,North,Sports,2023-08-15,30737.54,27549.02,3188.52,0,21.7,3.92,211.54,9.11
20,9,East,Home,2024-10-20,49414.78,39171.49,10243.29,0,15.84,2.6,245.15,3.23
10,6,North,Home,2024-06-15,42163.85,36517.96,5645.89,0,31.95,2.64,256.23,9.27
18,6,West,Electronics,2024-03-16,16911.43,11163.32,5748.11,0,14.62,4.11,205.25,7.56
3,8,South,Clothing,2024-02-06,37659.04,25375.55,12283.49,0,35.67,4.12,233.47,8.16
13,5,South,Clothing,2023-02-16,15914.81,14098.39,1816.42,1,25.44,2.99,215.23,3.02
11,3,East,Clothing,2023-08-21,40205.59,25754.52,14451.07,0,13.17,3.73,208.34,7.4
17,3,East,Sports,2023-11-01,11640.09,7651.4,3988.69,0,30.82,3.39,213.14,7.12
13,6,West,Sports,2024-06-09,30628.59,22241.4,8387.19,1,25.57,3.77,234.67,6.76
6,2,East,Sports,2023-05-23,40577.28,31523.49,9053.79,0,18.94,4.23,203.91,8.5
17,6,West,Groceries,2024-02-19,17605.07,13752.12,3852.95,0,22.68,2.66,226.05,6.89
13,6,South,Sports,2024-05-27,42670.36,29339.83,13330.53,0,18.95,4.06,208.11,9.0
19,8,East,Electronics,2024-01-08,33986.78,29778.68,4208.1,0,17.89,3.49,216.36,4.63
19,7,West,Electronics,2024-07-19,22888.5,20016.68,2871.82,0,14.91,3.63,211.45,8.64
10,8,North,Home,2023-09-16,24053.75,17261.46,6792.29,0,20.88,3.81,252.98,4.26
3,9,East,Home,2024-10-17,46669.62,34082.24,12587.38,0,17.53,4.35,242.48,8.69
14,6,West,Home,2024-04-15,14800.6,11999.57,2801.03,0,30.5,2.61,252.11,9.58
19,3,West,Home,2023-01-12,36201.32,28921.19,7280.13,0,30.52,2.56,223.01,5.35
5,10,North,Electronics,2023-11-26,36828.24,26320.74,10507.5,0,25.06,2.86,218.8,6.71
5,3,South,Home,2023-12-24,46510.24,33686.12,12824.12,0,33.34,4.47,222.84,7.61
20,1,North,Electronics,2024-02-12,37092.39,26128.31,10964.08,0,35.24,3.93,201.11,3.56
17,5,West,Sports,2024-10-29,31301.03,20990.96,10310.07,0,27.39,3.73,243.48,6.46
10,4,North,Sports,2024-01-08,45613.51,33637.3,11976.21,0,28.57,2.59,220.99,5.52
5,9,North,Groceries,2023-01-08,42310.94,34099.67,8211.27,0,18.49,4.26,218.8,9.11
4,9,West,Home,2023-05-02,37254.94,30645.54,6609.4,0,36.85,4.13,235.89,9.14
6,5,South,Sports,2023-12-14,6466.03,5390.48,1075.55,0,10.73,3.83,226.17,7.91
4,10,North,Sports,2024-11-06,21808.42,15536.75,6271.67,0,20.46,3.18,258.85,7.59
7,4,North,Clothing,2023-03-31,33435.04,27730.71,5704.33,0,31.65,2.64,221.38,8.14
7,7,East,Clothing,2024-10-09,34749.35,20917.54,13831.81,1,12.4,3.66,236.83,5.56
18,6,East,Electronics,2024-11-28,19369.32,14393.63,4975.69,0,15.5,3.94,218.7,5.83
3,4,West,Groceries,2023-11-12,11499.08,9638.2,1860.88,0,27.68,2.69,259.44,6.88
1,10,West,Clothing,2023-06-27,32223.04,25424.41,6798.63,1,26.8,3.77,226.71,9.57
4,2,West,Groceries,2024-06-23,17866.29,13260.7,4605.59,0,32.17,3.07,238.05,8.07
6,1,East,Sports,2023-02-10,15485.02,12285.7,3199.32,0,34.38,4.03,207.6,6.86
9,4,West,Electronics,2024-12-04,22953.12,20017.04,2936.08,0,13.86,3.58,243.98,8.39
14,4,North,Groceries,2024-05-16,40347.11,31063.83,9283.28,0,10.55,2.76,216.15,5.6
12,1,North,Clothing,2023-05-25,26953.41,22639.14,4314.27,0,30.69,3.55,226.92,8.11
20,6,South,Sports,2023-07-20,14742.15,13182.77,1559.38,0,19.04,3.29,252.99,5.87
4,4,West,Home,2024-12-24,10260.64,8328.26,1932.38,0,28.78,2.86,258.23,4.96
12,1,North,Sports,2024-04-05,27454.43,21194.76,6259.67,0,14.52,4.18,225.47,7.27
10,1,North,Clothing,2024-07-11,40746.49,24906.12,15840.37,0,24.07,2.52,250.09,7.81
7,1,South,Clothing,2024-06-30,34376.81,24488.09,9888.72,0,25.13,3.12,203.2,6.22
3,8,North,Home,2023-09-10,15446.7,11888.29,3558.41,0,27.55,2.53,250.85,6.96
14,10,South,Sports,2024-01-25,24651.8,20686.85,3964.95,0,25.4,2.69,237.77,7.86
10,8,South,Groceries,2024-08-16,43485.37,31806.57,11678.8,0,24.87,3.09,229.32,8.37
16,2,East,Groceries,2023-09-13,21942.04,19484.92,2457.12,1,19.98,2.61,253.4,9.27
16,7,North,Sports,2024-12-09,28943.63,19726.19,9217.44,0,12.14,3.69,250.72,5.48
10,8,East,Groceries,2024-03-25,21030.42,17315.82,3714.6,0,12.69,2.67,217.82,9.66
13,8,North,Sports,2023-01-10,10588.09,7683.88,2904.21,0,23.01,3.9,247.49,7.46
6,10,East,Sports,2023-08-30,7245.68,5403.8,1841.88,0,20.67,2.61,205.97,8.51
12,7,South,Clothing,2023-09-08,30014.21,25234.47,4779.74,0,25.48,2.62,249.37,7.9
9,5,South,Electronics,2023-01-05,5933.7,4087.52,1846.18,0,19.15,3.11,240.53,4.44
13,1,South,Clothing,2023-04-29,9655.08,6073.47,3581.61,0,30.64,4.29,205.27,3.5
4,9,South,Groceries,2024-01-09,20640.39,15605.72,5034.67,0,35.92,3.78,240.98,8.08
11,7,North,Electronics,2023-03-06,6958.41,5278.92,1679.49,0,18.97,4.04,234.83,6.58
20,2,West,Sports,2023-05-26,23020.04,19317.27,3702.77,0,15.79,2.78,235.67,7.92
18,6,North,Groceries,2023-08-12,15029.52,13383.72,1645.8,1,13.49,4.17,217.45,6.34
11,2,East,Home,2023-08-27,20744.29,12790.73,7953.56,0,28.49,2.52,215.99,5.19
4,1,North,Groceries,2023-06-26,40602.19,31568.48,9033.71,0,23.32,2.93,245.75,5.0
18,7,North,Electronics,2023-10-09,33186.4,26694.59,6491.81,0,15.64,3.73,215.41,8.11
1,2,East,Electronics,2023-03-04,25043.05,22432.07,2610.98,0,29.59,3.25,226.78,4.94
7,2,South,Sports,2023-08-05,9132.5,8061.96,1070.54,0,14.45,4.47,241.69,8.0
6,5,East,Home,2024-11-19,32861.73,26740.75,6120.98,0,26.63,2.56,204.78,5.69
15,5,East,Sports,2024-04-05,12366.93,9356.04,3010.89,0,25.81,4.5,235.67,8.4
18,7,West,Home,2024-09-01,8446.39,5477.12,2969.27,0,32.03,3.75,235.36,4.0
11,1,West,Home,2023-04-15,34879.82,24947.89,9931.93,0,11.65,3.62,241.05,4.43
20,8,South,Sports,2023-04-09,46042.7,35707.8,10334.9,0,36.64,2.62,222.2,7.8
15,3,East,Groceries,2024-05-25,25726.7,21033.12,4693.58,0,31.09,3.05,226.94,6.92
16,4,East,Clothing,2024-01-20,6844.82,5411.65,1433.17,0,16.48,4.35,219.8,4.43
7,9,East,Home,2024-02-09,44613.4,36325.87,8287.53,0,15.5,3.21,248.49,9.32
10,4,North,Electronics,2024-06-01,8013.82,5840.04,2173.78,0,22.95,3.82,207.84,4.93
12,10,West,Sports,2024-04-20,44038.1,36035.86,8002.24,0,34.53,4.5,257.78,5.95
14,5,West,Groceries,2024-12-09,25921.01,16670.38,9250.63,1,35.29,3.03,238.09,4.42
5,7,South,Home,2024-10-06,21442.75,13911.54,7531.21,0,25.61,3.65,253.21,5.72
18,4,West,Groceries,2024-03-12,29425.88,19092.97,10332.91,0,35.82,3.89,225.57,6.44
5,1,West,Sports,2023-01-23,48068.82,41688.14,6380.68,0,10.16,2.83,219.94,5.07
3,9,South,Electronics,2024-07-18,45443.32,28302.56,17140.76,0,11.06,2.8,254.04,8.38
5,4,East,Home,2024-11-07,26164.85,21990.31,4174.54,0,37.35,3.41,205.93,5.76
17,9,North,Home,2024-12-14,36312.05,24331.66,11980.39,0,33.26,3.27,207.03,8.11
19,6,South,Groceries,2024-04-02,39534.21,29276.23,10257.98,1,23.52,3.93,217.96,4.45
19,1,West,Sports,2023-03-24,36205.77,31672.34,4533.43,0,32.61,2.64,257.59,5.64
12,3,South,Clothing,2023-05-25,42319.74,32830.86,9488.88,0,38.67,4.44,237.98,3.06
9,2,West,Home,2023-03-26,6552.22,4344.35,2207.87,0,33.16,2.53,233.25,8.31
1,9,East,Electronics,2023-03-19,19659.19,13471.01,6188.18,0,35.27,3.7,242.32,7.38
18,1,East,Home,2024-04-01,48169.81,42203.21,5966.6,0,32.82,3.63,225.05,8.72
4,9,East,Home,2023-01-01,47720.13,34747.09,12973.04,0,15.05,2.77,245.48,6.19
10,9,West,Clothing,2023-02-20,10278.97,7977.46,2301.51,1,35.01,2.8,223.59,8.6
7,8,South,Clothing,2024-11-15,14064.81,10379.54,3685.27,0,15.85,4.09,249.58,7.53
1,8,West,Sports,2024-12-17,49719.65,35476.53,14243.12,0,36.78,4.28,216.04,3.03
17,1,East,Home,2024-03-21,27177.13,18126.7,9050.43,0,23.76,3.07,216.65,4.78
2,8,East,Home,2024-03-24,30778.97,24803.46,5975.51,0,30.31,3.38,231.34,6.46
11,10,East,Groceries,2024-05-02,12488.91,10184.36,2304.55,0,24.92,3.21,225.85,7.33
9,3,West,Groceries,2023-02-03,45245.1,30878.22,14366.88,0,12.82,2.65,238.89,3.46
7,7,North,Electronics,2023-12-14,15406.89,12890.99,2515.9,0,18.72,3.85,221.86,7.94
17,1,East,Electronics,2023-04-05,13534.14,11590.1,1944.04,0,39.51,4.15,213.83,6.8
17,1,South,Groceries,2023-03-13,25176.86,22060.03,3116.83,1,38.82,3.11,228.19,6.68
2,10,East,Electronics,2024-07-04,50064.25,32459.84,17604.41,1,19.61,4.48,233.66,5.04
6,5,West,Home,2023-06-03,36628.1,25316.5,11311.6,0,39.89,2.65,208.56,7.16
14,5,South,Clothing,2023-09-07,39586.84,33969.71,5617.13,0,35.37,3.82,233.4,3.19
6,8,West,Home,2024-11-04,21966.64,14488.36,7478.28,0,28.33,3.4,219.16,3.45
2,7,North,Groceries,2024-03-13,45912.97,27595.56,18317.41,0,11.2,3.39,223.55,8.14
1,8,North,Sports,2023-04-28,40523.36,34900.67,5622.69,0,37.04,3.42,216.76,5.25
10,6,West,Sports,2023-11-02,38776.88,27063.74,11713.14,0,26.72,3.02,255.88,5.43
5,6,East,Groceries,2023-09-25,48692.31,35270.24,13422.07,0,36.05,3.93,241.0,4.46
2,2,South,Home,2023-02-23,21478.86,15763.34,5715.52,0,35.03,3.94,215.75,6.12
16,6,East,Electronics,2023-08-24,32493.81,27765.39,4728.42,0,34.99,3.06,238.7,3.36
2,5,West,Electronics,2024-01-24,45946.84,32225.63,13721.21,0,30.95,4.17,250.91,5.1
10,3,West,Sports,2024-02-05,40590.0,35219.29,5370.71,0,18.74,3.13,224.1,6.69
2,6,East,Groceries,2024-09-15,30352.05,23828.84,6523.21,0,20.08,3.95,249.8,6.26
16,8,South,Groceries,2023-10-30,8429.62,6391.22,2038.4,0,19.25,2.74,209.26,10.0
16,9,South,Clothing,2023-07-26,34372.55,23981.19,10391.36,0,10.6,2.84,249.37,5.72
19,1,South,Sports,2023-08-17,34391.67,23149.5,11242.17,1,27.48,3.13,232.42,5.71
7,3,South,Groceries,2024-07-31,13288.12,10460.64,2827.48,0,30.97,3.69,213.38,6.53
12,3,South,Clothing,2023-03-16,44701.39,32813.87,11887.52,0,35.62,3.79,224.43,4.33
15,8,North,Electronics,2024-03-10,20446.19,17852.69,2593.5,0,14.2,3.29,259.28,9.13
8,1,North,Sports,2023-04-13,28748.1,21488.96,7259.14,1,26.33,2.66,247.01,7.01
6,5,West,Sports,2024-02-26,35258.07,26568.31,8689.76,0,10.24,3.25,234.51,4.34
10,3,North,Groceries,2024-12-04,26995.94,19572.52,7423.42,0,12.85,3.88,206.91,8.55
3,2,South,Groceries,2023-11-02,15564.29,13023.87,2540.42,1,11.63,3.84,225.07,3.24
19,8,South,Home,2023-04-08,22434.87,16320.29,6114.58,0,31.76,2.82,215.78,9.88
17,3,South,Electronics,2023-12-01,14759.63,10048.39,4711.24,1,12.43,2.52,204.26,9.06
7,7,West,Electronics,2024-03-10,17564.36,15080.92,2483.44,1,31.49,4.01,232.53,7.06
20,1,West,Clothing,2024-03-22,15289.29,11911.1,3378.19,1,17.49,2.71,253.35,3.78
4,6,East,Clothing,2023-11-04,13159.09,10230.57,2928.52,0,36.33,2.66,240.54,4.51
14,3,North,Home,2023-09-06,19870.13,15563.21,4306.92,0,34.39,2.51,214.98,4.96
20,8,North,Electronics,2023-06-15,29219.83,23833.21,5386.62,0,38.73,3.37,234.42,4.69
15,6,East,Clothing,2024-04-25,46367.47,32175.33,14192.14,0,36.51,3.51,256.59,6.48
8,2,East,Electronics,2023-12-01,29314.71,17886.47,11428.24,0,38.0,3.78,243.37,9.61
15,6,North,Electronics,2024-06-25,36752.16,30988.61,5763.55,0,35.76,3.09,241.37,6.11
20,7,South,Clothing,2023-04-16,21095.47,13473.08,7622.39,0,30.8,3.92,258.09,7.63
14,5,North,Groceries,2024-07-16,38823.39,31701.08,7122.31,0,15.11,2.84,247.93,7.82
9,3,South,Groceries,2023-03-22,32921.09,20565.63,12355.46,0,18.15,4.16,208.2,9.1
8,4,West,Clothing,2023-05-13,25690.73,18307.02,7383.71,0,16.38,3.64,220.86,3.24
17,4,North,Home,2023-05-18,13719.6,8491.17,5228.43,0,28.11,3.67,257.91,5.83
2,6,North,Sports,2023-07-03,18659.34,14118.85,4540.49,0,25.11,2.92,229.38,8.49
3,10,West,Electronics,2024-02-05,32942.57,26220.33,6722.24,0,36.01,2.65,206.7,8.7
8,1,West,Sports,2023-11-26,24172.53,15746.71,8425.82,0,38.58,3.43,227.52,9.49
12,4,West,Clothing,2024-05-22,45022.4,32032.91,12989.49,0,22.15,3.73,241.82,7.92
1,10,West,Electronics,2023-03-10,15567.81,13685.22,1882.59,0,25.19,2.69,259.85,4.72
10,4,West,Sports,2024-06-29,8288.27,6072.95,2215.32,0,39.15,4.4,219.43,6.54
20,10,East,Groceries,2023-02-22,31520.69,26501.43,5019.26,0,18.29,4.46,230.85,3.23
3,1,East,Home,2024-03-25,44872.29,39404.84,5467.45,0,33.77,3.59,252.78,7.53
6,9,West,Sports,2023-07-24,27758.14,24768.69,2989.45,1,16.76,4.4,221.32,6.88
7,4,West,Home,2023-05-06,34147.01,29690.71,4456.3,0,30.44,2.86,206.56,7.67
20,7,West,Groceries,2023-02-12,15413.57,10715.85,4697.72,0,17.61,2.55,256.94,9.51
18,3,West,Sports,2023-04-21,30131.24,26779.8,3351.44,0,36.51,2.58,229.31,7.81
11,10,South,Clothing,2024-10-24,40405.64,34090.99,6314.65,0,26.84,3.68,230.17,5.24
19,3,South,Electronics,2023-07-02,44016.42,37464.69,6551.73,0,15.58,2.62,237.27,4.39
5,8,West,Groceries,2023-04-05,9730.36,5882.51,3847.85,0,16.73,4.42,200.21,8.98
19,8,West,Home,2024-01-09,21036.85,18644.36,2392.49,0,24.82,2.78,255.87,4.36
11,1,North,Home,2024-06-03,33784.0,28156.5,5627.5,0,38.85,3.11,221.69,4.13
12,10,West,Groceries,2023-12-26,6562.53,5449.46,1113.07,0,33.09,4.15,223.82,4.45
10,2,West,Clothing,2024-11-26,36077.68,22528.97,13548.71,0,24.65,2.94,210.45,6.56
8,8,East,Clothing,2023-10-08,28761.52,19263.62,9497.9,0,20.13,2.99,222.69,3.87
9,1,South,Home,2023-07-14,22957.4,20401.75,2555.65,1,26.48,3.78,248.24,9.57
4,8,West,Groceries,2023-07-14,41659.45,31253.05,10406.4,0,32.45,3.05,248.0,9.76
5,8,South,Groceries,2024-10-28,18052.28,12986.04,5066.24,0,33.52,2.93,256.15,9.82
8,2,South,Electronics,2023-04-03,49613.68,42269.97,7343.71,0,19.74,3.01,224.19,3.27
9,4,North,Home,2024-11-02,41736.66,26135.59,15601.07,0,31.63,3.48,242.52,9.62
15,6,South,Clothing,2023-03-02,36859.12,26725.91,10133.21,0,29.73,4.43,230.43,9.98
15,9,South,Sports,2024-09-25,7760.64,5531.09,2229.55,0,38.77,4.16,248.24,9.6
16,8,West,Clothing,2023-02-20,45693.97,32212.21,13481.76,0,37.93,3.07,242.75,7.7
14,8,East,Clothing,2024-02-07,40552.49,28074.8,12477.69,0,33.68,3.23,222.07,7.91
8,7,West,Sports,2023-01-05,15306.13,10148.31,5157.82,0,31.7,3.43,220.2,3.86
18,9,West,Home,2024-04-10,22651.17,14765.69,7885.48,0,18.22,4.46,215.15,9.12
10,2,East,Electronics,2024-08-26,26687.13,21139.46,5547.67,1,35.38,2.84,234.59,3.42
20,3,East,Clothing,2024-11-12,49298.72,43176.73,6121.99,0,22.83,3.21,257.83,5.22
6,10,North,Clothing,2024-06-17,43438.84,32694.48,10744.36,0,18.17,3.96,212.0,9.94
12,8,East,Home,2024-02-09,46860.14,32305.02,14555.12,0,21.52,4.43,205.72,5.96
2,6,West,Home,2024-05-27,40494.84,26230.45,14264.39,0,35.08,2.81,207.16,3.92
7,10,East,Groceries,2024-10-06,32240.8,27373.83,4866.97,1,14.46,2.95,246.99,9.79
16,9,East,Home,2023-08-21,14244.54,12698.26,1546.28,0,23.68,2.95,221.01,9.89
3,10,East,Home,2024-06-07,14363.61,10122.71,4240.9,0,24.77,2.54,213.46,4.31
13,4,South,Clothing,2023-12-12,11825.73,8127.65,3698.08,0,11.1,3.71,221.17,9.05
3,8,North,Electronics,2023-02-15,29599.23,23100.66,6498.57,0,15.87,3.84,238.72,5.73
18,10,South,Clothing,2024-06-29,46398.49,38631.32,7767.17,0,34.8,3.71,232.81,5.67
11,3,South,Home,2023-03-19,49630.91,36559.16,13071.75,0,34.92,2.64,244.62,4.84
8,3,North,Groceries,2024-12-30,17928.49,14145.97,3782.52,0,18.77,2.64,220.34,3.31
6,8,South,Electronics,2023-03-14,42795.42,34876.76,7918.66,1,36.25,2.92,227.12,4.88
1,5,East,Groceries,2023-09-06,31869.41,28305.7,3563.71,0,33.15,3.08,206.12,3.38
1,3,North,Sports,2023-02-16,27002.13,17538.19,9463.94,0,22.54,4.07,204.38,9.47
8,10,South,Groceries,2023-05-01,34959.59,31436.18,3523.41,0,32.45,2.82,227.74,7.63
5,1,West,Groceries,2023-08-02,21711.34,15581.08,6130.26,0,38.84,2.59,218.1,9.21
16,3,South,Home,2023-08-27,47501.81,38807.08,8694.73,0,23.77,3.29,236.77,8.02
11,9,West,Home,2023-02-25,36745.2,28357.16,8388.04,0,17.15,3.33,202.58,3.92
5,5,East,Home,2023-12-16,38939.05,29048.55,9890.5,0,38.25,3.4,207.31,9.58
4,10,West,Home,2023-04-17,15908.99,12877.1,3031.89,0,28.11,4.15,251.91,9.3
6,2,South,Home,2023-02-17,16903.58,12149.05,4754.53,1,13.16,2.7,233.98,5.44
14,7,South,Groceries,2024-07-26,22745.34,14507.73,8237.61,0,27.18,3.91,242.72,3.78
19,2,South,Sports,2023-12-03,39500.26,29493.58,10006.68,0,25.02,3.18,250.52,7.93
9,4,North,Home,2023-01-26,47245.82,35744.99,11500.83,0,35.67,3.12,227.83,8.1
12,7,North,Sports,2023-09-14,29285.93,19345.43,9940.5,1,25.92,4.37,245.66,9.28
11,4,South,Sports,2023-01-08,39837.06,35083.93,4753.13,0,17.66,3.0,231.48,3.37
14,7,South,Clothing,2024-09-16,26168.34,17486.8,8681.54,0,30.27,3.79,213.36,3.99
16,7,East,Clothing,2023-09-10,18285.27,13216.01,5069.26,0,26.28,3.05,220.26,7.19
1,1,North,Electronics,2024-11-22,46730.79,30210.47,16520.32,1,16.99,3.51,229.42,7.33
13,6,North,Clothing,2024-12-19,46788.06,35593.5,11194.56,1,27.21,4.07,219.01,3.24
13,9,North,Home,2023-10-30,14127.84,9780.58,4347.26,0,34.65,4.26,220.13,5.78
2,2,West,Sports,2024-09-30,18732.63,13989.19,4743.44,0,10.86,4.18,220.24,7.09
4,3,South,Electronics,2023-02-25,27264.96,18196.23,9068.73,0,28.93,3.66,207.37,8.17
6,10,East,Clothing,2024-12-26,13393.48,8252.16,5141.32,0,20.49,3.0,205.08,5.21
5,5,East,Groceries,2024-06-09,46797.54,39018.29,7779.25,0,18.78,3.82,202.79,6.39
3,9,South,Electronics,2024-04-18,31610.03,25045.45,6564.58,0,21.78,3.92,206.66,8.7
1,4,South,Home,2023-01-28,19361.83,13596.3,5765.53,1,20.26,2.52,220.62,9.68
4,1,East,Sports,2023-03-19,13281.34,8158.04,5123.3,0,34.97,3.38,235.63,4.61
20,4,West,Home,2023-08-04,47945.99,41217.85,6728.14,0,18.24,4.19,211.29,4.77
2,6,East,Home,2024-01-21,38217.59,24877.3,13340.29,0,31.99,3.48,253.28,9.58
5,5,West,Groceries,2023-12-31,38048.23,33452.87,4595.36,0,12.82,3.12,248.5,5.77
3,1,West,Groceries,2024-10-27,8262.44,6143.77,2118.67,0,38.54,4.24,231.23,8.03
9,4,North,Sports,2024-06-09,45288.45,31797.75,13490.7,0,28.67,2.81,243.45,7.29
20,6,South,Clothing,2024-11-29,24968.09,20536.95,4431.14,0,31.2,2.91,221.98,5.0
6,10,North,Home,2023-11-08,36809.32,31768.35,5040.97,1,18.94,3.87,202.21,7.57
18,10,West,Clothing,2023-01-07,48186.01,34270.57,13915.44,0,22.36,3.2,254.26,7.59
6,4,East,Sports,2023-01-03,9500.56,6861.33,2639.23,0,16.71,3.93,207.67,7.15
19,9,North,Home,2024-09-14,26702.44,19491.38,7211.06,0,37.98,2.82,256.88,3.7
12,5,East,Clothing,2023-12-29,7232.57,6340.77,891.8,0,24.64,3.0,234.31,9.97
11,8,West,Home,2024-05-22,27479.54,22197.13,5282.41,0,28.91,2.81,218.33,5.8
2,9,East,Groceries,2023-10-01,16351.67,11025.83,5325.84,0,32.03,4.41,229.73,7.47
15,10,North,Groceries,2024-05-20,45997.95,30151.65,15846.3,0,21.13,3.31,230.1,9.2
12,5,West,Electronics,2023-01-15,22932.16,15344.14,7588.02,0,31.6,3.17,201.4,5.96
12,6,South,Sports,2023-07-11,33524.26,22765.29,10758.97,0,30.28,2.53,221.33,8.42
9,1,North,Clothing,2024-09-22,43712.93,29246.36,14466.57,0,31.17,2.81,244.39,9.8
2,7,North,Home,2024-04-29,49266.13,39292.3,9973.83,0,24.68,3.34,230.6,5.51
3,4,South,Electronics,2023-01-28,36482.0,23158.05,13323.95,1,21.49,2.64,214.65,5.84
12,2,West,Sports,2024-12-14,25509.1,18269.81,7239.29,0,16.66,3.52,220.11,9.34
16,5,South,Sports,2023-02-08,8408.28,6621.66,1786.62,0,34.74,3.41,251.78,4.12
1,3,North,Sports,2023-09-30,15098.08,10376.28,4721.8,1,28.25,4.03,231.53,3.2
3,6,West,Clothing,2023-08-19,32396.09,20072.04,12324.05,0,23.33,3.82,231.7,9.36
20,8,East,Groceries,2023-03-27,7945.9,4962.59,2983.31,0,38.32,3.39,257.69,8.75
2,7,North,Electronics,2024-04-18,30840.66,19669.87,11170.79,1,11.44,2.95,219.25,9.81
9,3,East,Clothing,2023-05-06,5162.29,4391.83,770.46,0,35.51,3.95,228.77,3.41
19,8,South,Home,2024-06-20,39039.61,31128.59,7911.02,1,39.93,3.92,248.7,4.09
15,2,West,Clothing,2023-05-25,32709.09,20258.59,12450.5,1,36.61,2.81,245.53,3.74
18,10,South,Home,2024-06-08,10715.93,7686.76,3029.17,0,34.31,4.33,215.95,7.78
11,9,East,Home,2023-07-31,18336.54,12534.41,5802.13,0,21.23,2.63,209.07,7.24
16,4,North,Sports,2023-01-25,30634.73,23693.27,6941.46,0,16.94,2.61,242.04,5.52
17,1,West,Clothing,2024-08-02,34552.1,26150.47,8401.63,0,32.05,2.87,215.46,3.4
5,8,South,Groceries,2024-01-29,25805.11,19207.7,6597.41,0,19.14,4.32,255.36,7.48
12,7,East,Home,2023-03-08,41178.16,28592.21,12585.95,0,15.28,3.54,207.75,6.99
11,5,East,Sports,2023-08-21,10059.82,6451.76,3608.06,0,33.6,4.08,219.1,3.79
15,10,North,Groceries,2023-04-19,8804.56,7243.63,1560.93,0,19.38,2.96,203.29,9.36
3,5,East,Clothing,2023-05-26,6990.99,6039.91,951.08,0,37.43,3.48,242.2,4.39
1,7,West,Groceries,2023-04-21,29112.25,25713.26,3398.99,0,35.22,3.22,253.48,8.2
20,5,East,Clothing,2023-08-16,36780.43,22715.07,14065.36,0,35.43,4.16,238.15,9.2
16,8,North,Home,2023-04-21,10873.46,8937.69,1935.77,0,33.15,2.55,256.27,7.06
2,6,South,Electronics,2024-04-14,43628.92,35686.32,7942.6,1,36.43,2.99,207.71,4.73
2,5,West,Electronics,2023-02-03,32681.69,28894.96,3786.73,1,34.17,2.81,205.26,5.16
3,9,South,Home,2024-09-14,49430.5,33408.81,16021.69,0,28.08,4.22,250.3,9.2
8,2,South,Groceries,2024-01-04,41599.78,34222.21,7377.57,1,18.87,3.44,251.33,5.09
15,1,East,Clothing,2024-08-17,34586.3,21318.58,13267.72,0,36.65,3.31,249.86,8.22
7,8,East,Electronics,2024-07-07,30670.24,24210.28,6459.96,0,35.22,3.4,247.94,9.93
6,3,North,Clothing,2024-02-29,49881.48,35179.13,14702.35,0,24.19,4.44,221.73,10.0
9,7,East,Home,2024-09-04,49120.66,40803.2,8317.46,0,11.17,4.2,213.05,6.73
20,10,East,Groceries,2024-06-01,37689.32,32374.8,5314.52,1,29.16,3.91,255.73,8.79
1,8,South,Clothing,2024-11-22,25483.25,18079.0,7404.25,0,11.52,3.08,218.42,9.93
8,6,West,Groceries,2023-10-09,25795.17,19544.38,6250.79,0,37.79,2.83,223.9,5.62
3,10,East,Electronics,2023-11-16,24275.41,15420.26,8855.15,0,38.85,4.34,241.97,4.77
4,9,West,Clothing,2024-03-18,28912.92,20963.95,7948.97,0,15.68,3.35,217.6,3.8
15,7,East,Sports,2023-11-11,17311.29,12260.55,5050.74,0,30.29,3.06,249.15,3.99
6,10,East,Electronics,2024-01-12,46705.5,30589.16,16116.34,0,12.77,3.44,204.2,8.97
15,5,North,Groceries,2023-10-16,27060.35,23497.68,3562.67,0,31.89,4.34,247.47,7.12
3,8,East,Home,2024-03-12,42890.35,27639.67,15250.68,0,20.42,3.27,236.11,9.12
14,2,North,Sports,2024-10-23,26388.67,20866.1,5522.57,0,30.43,3.63,234.38,8.53
20,7,South,Clothing,2023-10-04,37323.06,32360.69,4962.37,0,21.19,4.11,227.5,7.72
14,4,West,Electronics,2024-12-10,20159.69,17611.32,2548.37,0,14.37,3.35,216.62,7.27
4,9,East,Clothing,2024-08-04,33116.31,27750.54,5365.77,0,22.18,2.97,227.84,3.34
12,1,North,Clothing,2024-05-17,27426.72,17905.32,9521.4,0,13.38,4.49,227.0,9.11
17,7,South,Sports,2024-09-15,21520.14,18189.46,3330.68,0,27.31,4.41,235.03,5.92
7,6,East,Sports,2024-05-30,44670.03,30508.27,14161.76,0,11.23,4.19,216.89,6.92
9,8,North,Sports,2023-12-16,10072.03,8830.34,1241.69,0,25.82,3.88,204.66,3.15
3,5,North,Sports,2024-03-21,30890.11,25105.2,5784.91,1,36.59,3.09,208.71,9.55
13,1,South,Home,2023-12-16,13746.61,11486.4,2260.21,0,35.14,4.33,241.95,9.32
15,1,East,Groceries,2024-08-29,43747.48,27364.47,16383.01,0,36.48,3.05,201.35,6.8
18,9,East,Sports,2024-10-25,21475.81,16640.09,4835.72,1,37.66,4.1,251.39,7.04
19,10,West,Electronics,2023-05-17,33504.37,28356.18,5148.19,0,13.14,4.34,241.66,7.94
1,6,East,Clothing,2023-08-31,12450.36,10688.35,1762.01,0,13.86,3.71,246.09,4.85
6,10,North,Sports,2024-06-26,23221.12,14132.13,9088.99,0,26.71,4.11,250.16,4.55
2,5,West,Electronics,2023-02-09,45471.07,40094.01,5377.06,0,36.82,4.08,207.36,7.72
14,1,West,Home,2023-08-17,12472.9,7645.91,4826.99,0,39.23,2.89,249.35,3.73
6,6,East,Electronics,2024-07-01,37184.66,29166.0,8018.66,1,11.39,3.84,230.28,6.18
14,6,West,Electronics,2023-08-11,14202.97,11476.23,2726.74,0,20.67,2.69,253.13,6.45
4,3,North,Home,2023-01-06,23708.71,14988.73,8719.98,0,16.39,3.52,253.2,5.67
8,8,North,Home,2023-11-18,31620.85,19427.96,12192.89,1,32.68,2.82,201.45,4.3
3,1,South,Clothing,2024-04-12,32392.45,27063.04,5329.41,1,29.21,3.33,222.97,5.49
19,1,North,Sports,2023-03-16,32113.01,22973.69,9139.32,0,13.6,4.17,231.58,5.36
14,6,South,Electronics,2023-01-04,33805.91,21369.86,12436.05,0,24.51,4.47,240.7,6.49
20,10,West,Groceries,2024-10-07,17229.59,14279.89,2949.7,0,30.56,3.14,217.17,7.72
17,1,South,Groceries,2023-04-28,23061.54,19711.83,3349.71,0,33.37,3.56,215.13,9.78
8,6,East,Clothing,2024-08-28,6679.34,5184.61,1494.73,0,10.6,3.52,222.88,4.01
14,1,South,Groceries,2024-05-18,47099.45,30537.92,16561.53,1,36.71,4.41,230.06,9.11
6,6,East,Clothing,2024-07-27,42669.48,25796.55,16872.93,0,27.08,3.46,257.07,4.99
16,3,West,Sports,2024-03-16,13965.65,11315.54,2650.11,0,34.36,3.9,245.73,7.14
19,8,South,Clothing,2023-07-13,14064.98,10760.3,3304.68,0,34.24,4.34,225.76,6.83
14,6,North,Home,2024-12-15,6891.64,5480.5,1411.14,0,15.7,3.25,203.26,6.9
19,1,East,Home,2024-01-27,48667.27,41073.01,7594.26,0,13.31,4.3,210.11,8.06
3,5,West,Home,2023-01-26,41323.4,30177.17,11146.23,0,31.64,4.33,227.36,5.67
10,8,North,Home,2024-03-10,21231.64,13532.08,7699.56,0,14.69,4.36,248.83,5.23
19,3,East,Home,2023-06-22,26685.87,23536.8,3149.07,0,35.5,3.04,222.84,8.97
9,6,West,Home,2023-10-27,18138.51,13850.18,4288.33,0,31.79,3.3,232.31,4.54
20,5,West,Home,2024-10-06,31875.98,25009.52,6866.46,0,35.25,4.24,253.51,4.26
13,6,North,Home,2023-11-22,37278.88,32806.29,4472.59,0,18.97,3.22,254.83,3.11
7,10,West,Home,2024-02-14,25131.58,22102.6,3028.98,0,19.5,3.7,212.95,4.47
14,1,South,Sports,2023-04-28,44311.74,34192.2,10119.54,0,30.14,2.74,202.62,6.63
9,7,West,Home,2024-12-24,28266.16,19483.4,8782.76,0,10.94,2.61,218.32,6.77
19,9,East,Clothing,2023-08-13,11491.4,10332.31,1159.09,0,31.79,3.32,241.75,4.78
15,2,East,Sports,2024-06-15,33003.11,26542.59,6460.52,0,35.07,3.66,257.07,3.51
20,10,East,Groceries,2023-04-23,25800.39,18641.58,7158.81,0,22.45,3.29,204.62,8.21
14,5,South,Electronics,2023-05-20,47105.23,36174.51,10930.72,0,32.95,3.66,201.71,8.31
6,10,North,Sports,2024-07-12,28521.63,20671.06,7850.57,1,15.24,3.53,253.05,9.98
4,4,South,Home,2023-01-01,23128.96,20041.05,3087.91,0,19.67,3.87,244.89,9.3
8,6,South,Sports,2023-03-31,34284.8,25533.6,8751.2,0,39.23,3.8,259.53,9.48
17,6,South,Electronics,2024-10-15,28714.38,24322.76,4391.62,0,39.59,3.35,223.81,8.59
9,2,West,Electronics,2023-11-16,21850.24,18617.56,3232.68,0,25.38,3.35,224.96,7.31
1,2,North,Home,2024-07-03,55849.16,47320.98,8528.18,1,38.03,2.78,210.34,3.9
20,4,West,Home,2023-05-19,18598.35,15188.46,3409.89,0,25.68,3.53,206.95,7.36
14,1,South,Clothing,2024-05-25,17488.8,14978.52,2510.28,0,18.75,3.67,234.72,3.39
11,9,East,Electronics,2023-09-16,43899.24,31439.27,12459.97,0,18.01,3.45,221.86,9.2
3,7,South,Home,2024-11-03,5151.78,3268.28,1883.5,0,37.89,3.15,204.82,6.37
9,7,North,Electronics,2024-11-20,14056.39,11986.39,2070.0,0,15.17,3.94,253.22,7.88
14,3,East,Clothing,2023-01-10,31570.1,23660.23,7909.87,0,27.39,2.65,211.9,3.37
9,3,North,Groceries,2023-09-18,12310.27,7856.57,4453.7,0,26.67,4.33,244.92,6.74
4,1,South,Electronics,2024-10-11,49361.18,31324.3,18036.88,0,32.19,2.54,216.93,5.11
4,3,North,Clothing,2023-06-21,35482.75,22984.76,12497.99,1,24.98,4.42,248.77,4.99
8,3,West,Clothing,2023-01-13,41432.35,34193.79,7238.56,1,18.17,3.42,207.1,5.73
2,4,East,Clothing,2023-06-17,12216.81,9935.41,2281.4,0,15.08,3.33,245.36,3.0
9,4,North,Sports,2024-10-03,18022.01,11915.17,6106.84,0,28.62,3.01,205.89,6.27
14,3,East,Home,2024-08-18,32658.12,27892.55,4765.57,0,31.57,2.52,226.81,6.41
9,10,East,Electronics,2023-11-17,29729.9,20346.8,9383.1,0,27.09,3.05,244.04,9.04
16,8,South,Sports,2023-11-15,41834.28,35052.76,6781.52,1,32.15,2.72,210.39,6.14
17,8,South,Electronics,2024-09-04,17115.49,12779.14,4336.35,0,14.25,3.82,217.14,5.54
16,1,East,Sports,2023-11-25,34409.4,28197.29,6212.11,0,36.47,3.14,251.89,9.96
12,7,North,Home,2024-07-03,18093.9,12926.58,5167.32,0,27.47,4.03,253.11,7.0
3,2,East,Clothing,2024-02-23,31403.87,22112.79,9291.08,0,13.81,2.91,202.7,6.31
11,1,South,Electronics,2024-08-28,42214.9,35984.31,6230.59,1,23.86,4.3,210.09,6.47
14,3,North,Clothing,2023-04-05,20060.23,12248.59,7811.64,1,35.34,3.55,207.05,8.66
18,4,East,Home,2024-08-03,29688.49,26494.63,3193.86,0,36.93,2.73,210.78,5.38
5,6,South,Electronics,2023-11-14,5537.22,4399.07,1138.15,0,17.94,3.3,258.21,5.72
16,10,East,Groceries,2023-08-24,29924.02,21836.9,8087.12,1,31.34,2.91,233.1,8.29
20,5,East,Groceries,2023-11-30,42028.83,33136.22,8892.61,1,13.0,2.9,228.09,3.51
5,4,East,Groceries,2024-01-11,8277.47,5271.28,3006.19,0,11.01,3.51,259.07,9.06
3,8,North,Home,2024-04-03,47241.99,35630.65,11611.34,0,26.81,3.84,233.42,6.01
12,4,South,Groceries,2023-05-17,25644.0,22964.94,2679.06,0,30.84,4.32,239.67,7.07
1,10,South,Electronics,2024-08-10,47228.73,31670.68,15558.05,0,33.87,3.5,219.97,8.3
9,2,West,Groceries,2024-06-30,12208.01,9970.08,2237.93,1,20.21,4.43,222.93,4.86
9,3,East,Electronics,2024-05-27,47745.62,34877.77,12867.85,0,10.2,4.38,235.66,9.23
4,6,East,Home,2023-10-23,16335.15,12998.49,3336.66,1,24.39,4.23,204.19,9.85
3,8,West,Clothing,2023-11-16,25767.31,17044.2,8723.11,0,10.48,3.5,215.35,6.46
17,8,East,Sports,2024-07-25,47209.64,34988.93,12220.71,0,12.76,2.78,211.81,9.56
2,9,North,Groceries,2023-12-15,15471.87,13832.28,1639.59,0,19.8,2.94,200.95,3.01
1,7,West,Sports,2023-08-17,6565.32,4323.83,2241.49,0,23.12,3.8,232.21,9.26
8,2,South,Clothing,2023-09-27,40689.98,32183.07,8506.91,0,18.38,3.34,233.66,5.18
13,8,East,Home,2023-10-18,31814.76,24582.61,7232.15,0,27.46,2.79,223.04,5.18
15,7,South,Home,2024-12-25,28126.45,21643.74,6482.71,0,11.66,3.46,216.12,4.6
8,8,East,Clothing,2023-06-14,6545.45,5135.15,1410.3,0,14.34,2.53,239.12,5.22
12,3,West,Sports,2023-01-05,34395.41,25819.65,8575.76,0,30.86,3.97,208.08,4.49
12,7,South,Groceries,2024-01-14,12723.05,7698.45,5024.6,0,14.26,2.65,231.12,9.34
14,10,East,Electronics,2023-03-19,46903.85,40807.71,6096.14,0,29.19,3.76,246.08,9.29
15,9,North,Home,2024-02-14,35857.71,30410.7,5447.01,0,11.64,4.09,209.86,3.72
15,3,West,Clothing,2024-07-27,36816.52,24013.59,12802.93,0,22.22,2.77,245.2,4.0
9,10,East,Sports,2023-05-12,15466.11,11197.18,4268.93,0,15.32,3.54,245.65,9.03
19,6,East,Groceries,2024-08-23,44633.92,37098.14,7535.78,0,13.29,4.06,203.6,5.79
20,2,East,Sports,2023-02-11,29197.97,26103.53,3094.44,0,27.01,3.02,201.13,4.18
8,2,West,Groceries,2023-03-30,43568.79,38573.24,4995.55,0,37.85,2.83,258.44,6.57
19,5,East,Electronics,2024-02-06,17192.64,14954.29,2238.35,0,11.64,3.17,211.6,5.92
6,5,East,Electronics,2023-10-23,38995.78,25250.24,13745.54,0,22.65,3.61,249.33,4.53
20,7,South,Clothing,2023-10-22,30855.51,26978.28,3877.23,0,31.23,3.65,233.71,8.05
19,2,South,Clothing,2024-09-07,7178.87,6199.19,979.68,0,23.88,2.76,215.87,7.42
4,7,West,Groceries,2024-06-09,23240.4,16572.38,6668.02,0,34.19,3.42,207.8,3.7
7,5,West,Groceries,2024-11-21,13275.97,9536.88,3739.09,0,15.39,3.04,229.8,9.48
4,6,North,Groceries,2024-09-28,21162.81,15617.58,5545.23,0,38.79,4.18,224.44,6.91
12,8,East,Groceries,2024-02-26,22250.82,17730.63,4520.19,0,21.55,3.13,241.93,4.75
13,10,South,Electronics,2023-01-23,26371.78,17886.68,8485.1,0,20.25,4.18,254.25,4.44
3,4,South,Clothing,2024-07-28,32013.07,19428.24,12584.83,0,36.24,3.36,248.31,3.95
12,7,East,Clothing,2023-05-23,30693.99,19716.86,10977.13,0,26.92,3.95,216.47,5.97
2,6,East,Home,2024-10-26,6754.61,4944.61,1810.0,0,25.49,3.52,252.74,3.95
2,10,West,Clothing,2023-05-25,38781.01,26549.51,12231.5,0,31.81,3.74,250.0,5.91
9,2,North,Clothing,2023-08-13,47713.27,39571.24,8142.03,0,27.4,3.29,255.75,4.04
1,8,North,Sports,2024-05-17,20690.66,13076.64,7614.02,0,14.88,4.04,227.52,7.6
8,10,West,Sports,2024-09-07,13088.61,11455.67,1632.94,0,30.23,3.35,246.11,8.5
6,9,West,Home,2023-04-14,29300.07,25449.99,3850.08,0,14.0,3.41,235.5,6.85
6,5,South,Groceries,2023-02-08,36721.08,32043.81,4677.27,0,34.18,3.54,218.63,7.76
18,10,West,Home,2023-07-17,35550.72,29218.53,6332.19,0,39.69,4.16,259.67,9.57
17,4,North,Home,2024-10-07,32544.93,20571.65,11973.28,0,21.32,3.82,202.3,7.47
12,6,South,Electronics,2024-08-01,11580.45,8470.42,3110.03,0,23.34,3.2,209.74,5.55
6,8,North,Clothing,2024-01-26,42657.12,27275.88,15381.24,0,11.39,3.84,253.55,6.15
8,3,East,Electronics,2023-06-28,24152.97,21648.54,2504.43,0,10.41,3.78,203.63,9.02
19,10,North,Clothing,2024-07-07,14966.09,10474.94,4491.15,0,37.64,4.36,253.21,3.92
10,1,South,Home,2024-03-23,8881.98,6888.86,1993.12,0,13.86,4.18,242.91,5.28
1,4,North,Clothing,2024-05-14,33682.52,28085.09,5597.43,1,23.37,3.79,202.2,7.04
13,4,South,Groceries,2023-01-15,32808.79,28746.56,4062.23,0,34.46,3.18,225.76,7.73
17,1,South,Groceries,2024-09-14,34942.0,28885.3,6056.7,0,36.68,4.06,245.27,8.34
3,9,West,Home,2024-10-30,52032.57,41748.39,10284.18,1,25.58,3.65,234.99,5.23
8,3,North,Sports,2023-10-16,11891.66,8797.39,3094.27,0,26.95,4.47,256.15,4.02
14,5,West,Groceries,2024-04-22,49359.81,38580.62,10779.19,0,30.09,3.0,252.06,9.68
3,6,West,Home,2023-08-19,34460.41,21649.72,12810.69,0,38.84,2.66,219.96,3.53
16,8,North,Electronics,2024-02-24,25440.31,22010.37,3429.94,0,28.08,2.64,205.08,3.67
13,6,South,Sports,2023-06-06,44968.74,34317.14,10651.6,0,26.78,3.78,256.66,6.46
20,3,East,Groceries,2024-07-03,36251.59,22187.44,14064.15,0,10.44,4.38,231.04,8.73
17,6,North,Home,2024-03-16,20692.27,18125.82,2566.45,0,12.43,2.5,204.46,8.42
13,1,West,Home,2023-04-07,44783.86,33444.17,11339.69,0,27.32,3.95,248.99,9.56
6,4,West,Electronics,2024-02-15,43570.75,37495.97,6074.78,1,38.09,3.81,252.11,3.99
17,6,South,Electronics,2023-10-16,42545.28,36464.13,6081.15,1,36.0,3.96,238.37,5.63
14,7,West,Sports,2023-09-11,45337.54,38297.78,7039.76,0,39.48,3.21,226.85,4.97
17,10,East,Groceries,2023-07-15,25178.73,15571.05,9607.68,0,25.84,4.14,239.73,9.03
8,3,West,Home,2024-08-20,34560.68,23298.05,11262.63,0,33.64,2.59,242.4,6.42
11,9,South,Sports,2024-06-05,41227.29,35565.31,5661.98,1,35.21,4.01,253.58,3.19
20,7,North,Sports,2024-05-31,25427.3,22114.05,3313.25,0,29.44,3.03,257.35,7.96
1,1,South,Electronics,2024-09-26,8755.35,6456.38,2298.97,0,20.16,3.45,230.86,5.72
7,2,West,Home,2023-04-28,39714.79,29071.72,10643.07,0,24.1,4.15,247.91,6.72
17,1,South,Clothing,2023-06-08,7151.74,4666.81,2484.93,0,35.74,3.04,257.87,9.26
10,9,West,Electronics,2023-08-16,37306.15,33221.99,4084.16,0,18.96,2.87,209.07,4.8
11,9,South,Home,2023-08-04,45989.38,30534.26,15455.12,0,37.71,3.86,201.1,4.68
9,7,North,Sports,2024-11-26,20613.6,13548.93,7064.67,0,16.89,3.57,252.14,4.84
9,10,West,Sports,2023-01-15,9592.78,7657.14,1935.64,0,32.49,3.53,211.72,5.37
5,3,East,Groceries,2023-06-06,15478.88,10415.02,5063.86,0,28.92,3.01,202.55,3.75
17,5,East,Clothing,2024-10-09,30302.67,26715.79,3586.88,0,32.49,2.57,209.61,7.88
9,4,East,Electronics,2023-09-18,51473.5,31052.53,20420.97,1,23.12,3.32,223.05,4.45
17,7,East,Groceries,2023-06-06,33820.64,20350.76,13469.88,1,37.98,2.71,213.16,9.48
19,9,West,Groceries,2023-02-16,17075.45,12831.57,4243.88,1,28.97,4.31,218.32,4.51
7,2,West,Clothing,2023-11-20,37404.05,27919.08,9484.97,1,18.65,2.58,258.52,4.79
9,8,North,Electronics,2024-11-15,37978.02,24648.08,13329.94,0,29.15,3.36,242.26,5.08
7,9,South,Electronics,2023-05-10,22697.77,16986.01,5711.76,0,18.6,2.6,242.73,8.38
13,10,West,Sports,2024-02-15,37468.13,27108.13,10360.0,0,18.81,2.69,205.68,5.99
11,10,East,Electronics,2023-04-05,27143.24,23535.87,3607.37,1,21.99,3.82,243.93,8.74
14,9,West,Groceries,2024-09-18,40509.06,24417.9,16091.16,0,35.57,3.79,244.36,8.49
19,10,East,Sports,2023-10-19,20348.25,18168.56,2179.69,0,25.01,2.57,239.58,9.51
11,7,North,Electronics,2023-10-10,16524.82,13010.29,3514.53,0,30.37,2.5,213.71,8.3
13,9,South,Clothing,2023-03-10,44563.16,28767.88,15795.28,0,21.76,2.66,225.38,3.36
14,9,West,Groceries,2024-10-21,29681.3,18225.15,11456.15,0,17.91,4.03,250.78,8.86
13,3,South,Home,2023-01-11,17832.03,13577.87,4254.16,0,38.64,3.67,240.21,9.57
1,4,East,Clothing,2023-09-11,47078.91,31564.86,15514.05,0,28.11,2.58,243.97,9.96
8,2,East,Clothing,2024-07-03,36088.3,24913.55,11174.75,0,38.02,3.48,235.24,3.88
12,10,South,Electronics,2023-05-14,14931.52,10056.97,4874.55,0,16.1,3.92,226.98,7.29
19,3,North,Sports,2024-12-12,32658.91,25965.52,6693.39,0,14.41,4.24,245.54,4.4
12,5,South,Sports,2023-01-23,50440.2,38640.15,11800.05,1,35.67,4.37,204.08,4.84
8,5,South,Groceries,2023-12-12,36326.89,22645.9,13680.99,0,30.43,3.15,240.39,8.22
8,6,West,Electronics,2023-10-29,16014.16,12138.06,3876.1,0,15.6,2.77,259.83,9.84
13,7,West,Sports,2023-12-29,34198.17,28636.07,5562.1,0,18.08,2.97,246.81,7.16
12,7,East,Home,2024-01-31,32862.17,20517.77,12344.4,0,34.02,4.05,217.43,8.95
16,1,West,Electronics,2023-08-06,41937.96,36356.93,5581.03,0,23.62,4.44,216.67,3.06
1,2,North,Electronics,2023-05-21,13015.97,10067.75,2948.22,0,30.12,3.43,240.03,3.26
13,9,North,Sports,2024-09-07,36483.56,32294.79,4188.77,0,19.55,3.11,253.75,7.18
7,10,North,Clothing,2023-07-29,6231.68,4015.96,2215.72,0,21.44,3.36,234.68,5.72
5,2,East,Electronics,2024-09-14,36327.89,32624.97,3702.92,0,39.72,3.11,231.64,9.23
8,6,North,Clothing,2024-09-07,48219.68,38251.8,9967.88,0,17.43,3.01,209.62,5.11
14,1,North,Groceries,2024-11-13,12847.47,9895.74,2951.73,0,25.19,3.69,242.93,6.02
13,3,West,Groceries,2024-04-04,19008.49,14343.5,4664.99,0,35.33,2.53,242.14,6.7
15,2,East,Sports,2023-12-22,31229.22,18959.14,12270.08,0,17.18,3.02,258.02,4.91
17,3,South,Groceries,2023-11-20,47130.45,41563.96,5566.49,1,22.46,3.82,218.01,9.36
15,5,North,Sports,2023-05-13,20496.71,16257.96,4238.75,0,28.45,2.56,245.39,6.25
20,10,West,Sports,2023-05-07,34891.65,21894.09,12997.56,0,24.44,2.67,226.04,5.97
18,6,South,Clothing,2023-04-16,45467.55,27566.32,17901.23,0,23.79,3.09,233.51,8.95
18,9,North,Clothing,2024-08-26,37695.15,23191.38,14503.77,0,20.88,4.26,248.99,5.18
2,10,South,Groceries,2024-01-13,36996.02,28961.18,8034.84,0,27.6,4.03,213.32,8.72
4,4,South,Clothing,2023-02-20,22188.68,17400.47,4788.21,0,28.73,2.54,220.57,3.86
1,7,East,Electronics,2023-01-29,46014.32,34506.15,11508.17,0,29.6,3.5,246.4,4.28
4,6,East,Home,2024-04-06,17479.53,12096.35,5383.18,0,12.11,3.05,234.23,9.66
18,2,North,Electronics,2023-10-23,14237.62,10813.8,3423.82,0,28.93,3.8,205.55,8.9
5,10,North,Electronics,2023-10-24,21390.08,16147.17,5242.91,0,38.6,3.94,225.81,5.72
19,8,East,Sports,2024-12-26,34257.03,20753.75,13503.28,0,26.23,4.23,235.2,7.47
15,7,North,Home,2024-02-11,43775.51,29974.88,13800.63,0,31.46,3.45,254.57,9.6
8,7,North,Sports,2024-09-04,14409.73,8875.75,5533.98,1,26.7,4.49,211.31,4.48
20,8,East,Clothing,2024-02-09,41621.1,36212.29,5408.81,0,35.64,4.46,248.36,3.41
17,1,South,Clothing,2023-12-12,41577.05,33992.02,7585.03,0,37.89,4.26,207.84,6.76
1,1,North,Home,2024-09-13,31411.37,28233.62,3177.75,0,15.53,3.65,214.53,4.0
12,8,West,Groceries,2024-02-24,39229.16,27093.67,12135.49,0,23.11,3.3,214.6,4.31
19,4,East,Clothing,2023-07-01,13184.63,11385.53,1799.1,0,21.77,3.23,252.65,9.24
15,5,North,Electronics,2023-01-01,12631.37,9864.04,2767.33,0,22.16,2.52,211.94,3.05
9,8,North,Home,2024-07-20,43826.0,32253.2,11572.8,0,13.77,3.0,247.22,8.72
7,5,East,Home,2024-01-06,27416.68,18280.67,9136.01,0,34.41,3.94,227.71,6.62
2,10,West,Clothing,2024-10-22,17324.67,14232.52,3092.15,1,11.07,3.71,259.95,6.92
9,4,West,Clothing,2024-03-06,35992.87,31358.51,4634.36,0,25.85,4.33,250.35,7.7
10,6,East,Sports,2023-11-05,45134.38,30266.78,14867.6,0,29.86,2.6,244.38,6.02
2,5,West,Sports,2023-05-17,36285.97,23680.84,12605.13,1,16.22,2.81,252.24,3.81
19,7,North,Electronics,2023-07-21,20630.53,16687.35,3943.18,0,37.18,4.08,238.04,3.72
11,10,West,Home,2024-03-11,26745.7,23886.37,2859.33,0,35.16,3.22,250.62,8.28
13,7,North,Groceries,2023-11-09,38852.13,32052.48,6799.65,0,24.13,2.74,215.67,4.55
10,4,South,Groceries,2023-04-27,13949.14,9560.38,4388.76,1,22.33,4.49,205.86,3.2
14,5,West,Home,2024-10-27,14772.4,10724.56,4047.84,0,17.1,4.07,236.96,9.86
18,3,South,Electronics,2024-07-28,25816.24,18466.23,7350.01,0,31.9,3.32,226.08,9.86
19,4,East,Sports,2023-09-01,32190.84,27543.4,4647.44,0,13.95,4.15,225.59,5.65
9,4,West,Sports,2024-06-20,20262.45,16846.43,3416.02,0,30.41,3.86,231.6,3.18
7,3,North,Sports,2024-08-24,18427.59,14312.57,4115.02,0,35.27,4.08,221.68,8.09
3,10,West,Groceries,2023-03-16,6862.29,4683.43,2178.86,0,16.85,4.13,237.56,8.82
20,5,East,Groceries,2024-01-21,6467.08,5700.06,767.02,0,35.99,2.67,201.83,3.88
6,5,East,Electronics,2023-07-29,17541.27,13962.76,3578.51,0,11.0,3.75,258.19,3.95
2,7,North,Groceries,2024-04-19,28872.77,25729.77,3143.0,0,37.38,2.51,255.48,8.76
6,4,West,Clothing,2024-02-22,36698.23,28405.72,8292.51,1,13.55,2.59,256.12,9.45
3,4,South,Groceries,2023-12-13,30280.67,25628.28,4652.39,1,29.37,4.31,221.9,8.54
16,9,East,Sports,2024-06-12,23444.63,19785.66,3658.97,0,17.5,3.56,231.91,4.41
8,6,East,Electronics,2024-10-01,16353.12,11466.79,4886.33,0,35.1,3.97,257.25,5.88
2,4,North,Home,2023-06-28,23031.25,20479.53,2551.72,0,25.37,4.18,254.14,7.21
17,2,West,Home,2023-07-01,11244.2,6820.53,4423.67,0,14.06,4.4,247.41,4.12
9,6,South,Electronics,2024-10-25,10186.67,8461.18,1725.49,0,27.13,4.24,224.44,4.47
12,2,West,Clothing,2023-01-25,18497.45,16456.57,2040.88,0,22.24,3.47,233.86,4.98
3,5,West,Home,2023-06-29,55263.69,38777.01,16486.68,1,29.84,3.17,247.57,6.57
11,6,South,Sports,2024-12-10,19692.36,15644.26,4048.1,0,36.46,2.81,216.38,6.58
1,4,North,Home,2024-05-15,47140.54,36235.38,10905.16,0,22.28,3.3,237.59,8.7
13,3,East,Home,2023-06-10,22651.8,18765.93,3885.87,0,18.7,3.23,249.68,8.27
15,7,North,Sports,2023-06-26,24755.45,21286.06,3469.39,0,10.44,3.62,242.45,9.4
5,2,North,Groceries,2023-10-12,40867.83,31914.23,8953.6,0,27.25,3.83,228.77,8.83
17,6,West,Clothing,2023-03-04,9213.72,7783.49,1430.23,0,22.07,4.46,235.08,4.78
6,4,South,Sports,2024-10-23,13204.1,9159.49,4044.61,0,21.24,3.96,259.32,5.32
11,6,East,Sports,2024-10-27,57805.69,38647.5,19158.19,1,15.49,3.79,236.12,6.5
18,4,West,Electronics,2023-06-05,27766.28,20247.18,7519.1,0,22.9,3.17,247.14,3.1
4,4,East,Clothing,2024-04-13,13751.2,11046.63,2704.57,1,39.53,2.57,243.6,9.33
3,4,West,Groceries,2023-02-18,7132.13,4679.92,2452.21,0,18.93,3.08,242.09,3.31
13,9,South,Sports,2023-03-25,45825.83,36848.81,8977.02,0,27.99,4.04,242.98,5.26
9,7,East,Groceries,2023-12-27,44301.43,31818.53,12482.9,0,33.29,2.91,227.26,6.98
6,3,East,Sports,2024-11-19,25627.96,21493.47,4134.49,0,32.47,3.92,228.45,6.62
12,3,North,Sports,2023-05-28,12344.99,7543.42,4801.57,0,19.86,3.66,228.07,7.58
2,6,West,Electronics,2024-09-21,42362.81,33906.97,8455.84,0,28.33,2.84,202.0,6.69
3,6,West,Home,2023-12-08,19607.0,15586.52,4020.48,0,36.14,3.02,214.46,4.6
3,4,West,Clothing,2024-04-20,23857.63,21049.13,2808.5,0,10.46,3.49,209.27,4.41
12,9,North,Electronics,2023-03-04,35711.44,29069.48,6641.96,0,23.07,3.34,253.19,9.35
15,4,North,Groceries,2024-12-01,20902.93,17535.27,3367.66,0,16.73,4.06,216.5,4.85
9,9,East,Sports,2023-12-26,33290.15,29008.28,4281.87,0,21.66,3.97,208.31,4.97
8,4,West,Sports,2024-07-14,44837.72,35982.97,8854.75,0,22.48,3.65,207.19,5.89
11,2,West,Clothing,2023-11-23,40881.8,28087.68,12794.12,0,32.4,4.14,242.0,3.98
16,2,East,Electronics,2023-05-21,30280.07,26069.09,4210.98,1,12.81,3.63,200.36,6.55
4,5,East,Electronics,2023-08-03,17957.14,14801.59,3155.55,0,25.38,4.43,228.28,7.66
1,4,East,Groceries,2024-03-10,17847.97,12981.39,4866.58,0,26.93,2.93,207.13,8.5
7,7,South,Electronics,2024-12-23,20686.6,16821.49,3865.11,0,24.82,3.93,250.98,7.98
2,5,South,Electronics,2023-11-14,27208.26,23407.45,3800.81,0,31.96,3.24,257.51,4.03
5,6,East,Home,2023-02-01,23746.89,21198.75,2548.14,0,21.51,3.06,257.53,6.19
7,10,North,Clothing,2024-10-31,18964.48,16796.94,2167.54,1,38.35,2.86,226.52,3.27
4,4,North,Electronics,2023-10-12,16272.61,11351.75,4920.86,1,24.45,3.61,238.67,3.12
5,2,West,Groceries,2023-11-01,20431.83,14843.89,5587.94,0,27.14,2.93,235.98,6.08
1,10,South,Sports,2024-03-04,30292.88,19171.18,11121.7,0,34.77,2.9,221.0,4.77
1,9,South,Electronics,2024-04-21,31669.88,21353.84,10316.04,0,18.26,4.48,226.64,7.78
15,10,East,Electronics,2023-10-13,26879.32,23243.26,3636.06,0,12.26,4.1,203.86,8.07
20,7,East,Sports,2023-05-24,38244.91,27087.15,11157.76,0,31.23,4.0,247.74,9.27
19,4,East,Home,2024-02-28,38176.2,30012.82,8163.38,0,24.49,4.09,214.45,8.32
10,3,East,Clothing,2023-01-19,24243.24,19389.49,4853.75,0,36.9,4.44,227.63,3.34
18,10,East,Home,2023-01-18,10599.84,8846.08,1753.76,0,39.48,3.65,228.84,5.6
3,3,North,Groceries,2024-08-12,28857.86,18897.28,9960.58,0,21.97,2.94,233.64,4.91
11,9,North,Electronics,2024-01-06,22166.11,15326.62,6839.49,0,22.46,4.22,249.07,5.7
15,5,East,Home,2023-06-24,17498.42,12852.61,4645.81,1,22.24,3.99,241.51,4.12
11,3,North,Clothing,2023-07-13,49181.77,34892.12,14289.65,0,19.74,3.33,239.78,3.68
17,5,East,Groceries,2024-05-16,29085.76,26028.02,3057.74,1,33.45,3.45,231.6,6.65
17,2,East,Home,2023-04-23,33160.9,28202.76,4958.14,0,32.77,3.32,205.76,8.04
6,4,South,Electronics,2023-04-24,27055.8,20126.97,6928.83,0,24.36,4.36,224.12,7.91
5,10,North,Clothing,2023-08-10,15459.01,13353.19,2105.82,1,11.34,3.19,257.44,6.16
8,2,North,Electronics,2024-11-08,7499.46,5281.84,2217.62,0,19.29,4.43,259.73,6.66
2,2,South,Electronics,2024-10-05,33159.62,27713.1,5446.52,0,18.77,4.32,243.83,6.61
16,8,North,Groceries,2023-09-21,16115.98,10751.01,5364.97,0,34.33,3.76,213.65,7.84
20,1,South,Clothing,2023-02-24,15964.43,13277.56,2686.87,0,12.63,3.66,206.11,3.34
12,7,West,Sports,2024-10-04,48063.93,35420.04,12643.89,0,34.17,3.24,224.89,7.97
6,5,North,Electronics,2024-04-02,35193.55,22251.11,12942.44,1,30.08,2.54,251.39,7.08
1,8,East,Clothing,2023-06-11,9986.12,6810.32,3175.8,1,31.97,2.76,243.31,4.39
4,1,South,Electronics,2024-01-15,23469.25,16913.88,6555.37,1,22.97,4.01,253.03,3.34
17,7,East,Home,2023-03-28,31302.12,25817.61,5484.51,0,30.39,3.44,236.95,3.76
13,5,East,Home,2023-02-24,19785.53,12304.52,7481.01,0,28.27,2.8,207.82,6.67
18,4,North,Clothing,2024-04-20,6208.34,4953.41,1254.93,0,33.07,3.03,206.89,8.31
5,7,South,Groceries,2023-06-27,29828.33,24304.25,5524.08,1,23.4,4.4,202.88,5.34
3,10,West,Sports,2024-01-26,9765.79,7775.29,1990.5,0,24.18,3.23,234.02,5.65
11,2,East,Home,2023-12-15,32862.2,27216.5,5645.7,0,29.31,4.32,214.57,9.54
13,1,East,Groceries,2023-01-08,32881.42,21486.38,11395.04,0,13.24,3.11,244.06,4.49
4,1,West,Sports,2023-11-09,6699.16,5199.43,1499.73,0,23.09,3.59,241.17,3.73
14,1,South,Home,2024-03-18,18079.98,15952.75,2127.23,0,39.16,2.54,219.09,5.4
11,5,North,Sports,2023-11-24,31589.58,24742.07,6847.51,1,11.13,3.54,210.61,8.22
10,10,East,Electronics,2023-02-23,33135.49,25958.37,7177.12,1,19.48,3.77,206.14,7.38
19,7,North,Clothing,2023-08-27,18322.85,15041.81,3281.04,0,19.42,2.97,244.24,5.91
18,2,South,Home,2023-08-17,17948.59,12563.32,5385.27,0,29.0,3.66,227.03,9.75
6,10,West,Home,2024-08-01,56065.96,45421.43,10644.53,1,13.17,3.79,219.41,8.14
15,8,North,Electronics,2023-02-20,6883.83,6022.46,861.37,0,28.86,3.87,251.4,3.43
10,4,South,Home,2024-08-31,49507.04,29866.04,19641.0,0,12.85,4.05,235.62,8.21
5,3,North,Home,2024-08-26,7148.84,6155.39,993.45,0,12.85,3.12,231.08,3.17
5,10,North,Home,2023-09-21,17975.36,11964.14,6011.22,0,31.85,3.64,244.6,7.55
10,8,East,Home,2024-02-22,27216.09,20052.19,7163.9,0,19.72,4.46,248.93,4.47
5,2,North,Home,2023-04-06,11448.43,9796.47,1651.96,0,39.32,4.3,241.16,7.88
3,3,East,Groceries,2023-03-29,11068.09,9376.59,1691.5,0,11.12,4.41,226.4,5.17
6,3,South,Home,2023-03-19,16534.07,14344.6,2189.47,0,23.35,3.27,222.76,9.11
4,10,South,Electronics,2023-10-15,55883.32,49296.08,6587.24,1,13.39,4.07,246.3,5.36
18,1,East,Home,2023-04-30,22105.26,16228.51,5876.75,0,20.54,3.74,231.07,7.34
9,6,West,Sports,2024-05-05,30469.77,24281.64,6188.13,0,39.95,2.67,242.26,5.0
17,2,North,Sports,2024-03-27,36693.11,26314.23,10378.88,0,36.67,4.15,253.42,9.42
13,1,South,Electronics,2024-05-14,38399.98,27080.24,11319.74,0,11.45,3.85,254.95,8.47
15,2,South,Groceries,2023-06-14,35961.84,26233.39,9728.45,0,26.9,2.9,216.66,4.7
20,6,West,Electronics,2023-07-01,22797.5,18760.58,4036.92,1,29.43,2.66,211.27,9.64
17,4,South,Groceries,2024-04-13,10027.75,7525.15,2502.6,0,16.29,4.17,215.68,5.5
13,6,East,Clothing,2023-01-07,17677.24,14923.44,2753.8,0,14.35,2.66,245.08,7.56
16,9,West,Sports,2023-11-26,14463.29,11911.47,2551.82,0,37.13,2.68,222.2,8.2
4,10,South,Sports,2024-11-03,11132.48,6747.88,4384.6,0,39.06,3.35,210.4,3.16
5,10,West,Sports,2023-05-31,6102.35,4815.19,1287.16,0,39.76,2.77,205.9,9.71
5,8,West,Groceries,2023-03-26,57027.46,41685.44,15342.02,1,33.69,4.33,219.64,5.41
9,1,South,Electronics,2023-05-27,48659.35,35861.39,12797.96,1,29.91,3.44,208.17,4.33
17,8,South,Groceries,2024-09-15,7268.77,6145.83,1122.94,0,20.37,3.64,209.38,8.95
13,9,South,Sports,2024-01-16,19199.59,14673.91,4525.68,1,15.14,4.36,241.03,7.92
2,6,West,Sports,2024-07-01,11277.52,9762.8,1514.72,0,12.37,3.56,201.18,3.61
13,10,East,Sports,2023-10-12,17655.03,14368.4,3286.63,0,30.8,3.21,207.05,3.82
19,5,East,Sports,2024-11-30,14183.1,10862.16,3320.94,0,33.54,4.09,250.66,8.01
3,6,North,Clothing,2023-03-23,47563.41,39304.57,8258.84,0,34.79,3.39,250.69,3.52
10,6,South,Sports,2024-05-28,8787.67,5373.7,3413.97,0,37.41,3.14,219.75,9.42
2,9,East,Groceries,2024-12-09,23843.63,14499.91,9343.72,1,36.4,3.95,205.28,8.19
13,4,North,Sports,2024-06-06,8632.55,5395.39,3237.16,0,39.99,4.1,242.3,5.35
19,2,North,Home,2024-01-21,49117.34,35918.02,13199.32,0,17.32,4.08,221.61,5.54
17,9,South,Clothing,2024-12-07,46328.61,31069.59,15259.02,0,32.9,4.46,202.73,6.55
14,2,North,Sports,2024-04-15,37248.42,33347.71,3900.71,0,27.59,4.07,209.47,5.53
12,10,East,Home,2023-04-29,24168.79,18433.22,5735.57,0,17.84,4.04,208.23,8.48
12,9,North,Groceries,2024-01-31,13558.02,10829.13,2728.89,0,39.46,4.21,235.35,9.82
11,2,North,Clothing,2024-06-15,14967.04,10232.16,4734.88,0,36.94,2.5,253.89,7.09
7,8,East,Sports,2023-09-18,24936.8,17369.46,7567.34,0,13.86,3.22,247.58,6.12
4,9,North,Groceries,2023-09-13,39570.02,27724.28,11845.74,0,10.78,3.98,232.79,4.56
19,10,North,Home,2023-08-14,16912.83,13692.98,3219.85,0,30.65,3.7,225.33,7.57
1,9,West,Clothing,2023-02-22,18985.64,14089.47,4896.17,0,28.12,2.86,237.12,7.8
3,10,North,Sports,2024-05-14,31997.49,24167.87,7829.62,0,38.07,3.11,226.63,7.8
13,9,North,Groceries,2024-05-20,15697.82,12206.64,3491.18,0,17.02,3.17,214.77,3.19
15,2,West,Clothing,2023-12-30,31289.84,25990.7,5299.14,0,12.53,3.64,240.75,9.29
2,4,West,Home,2023-10-07,22420.89,14060.39,8360.5,0,17.78,4.16,252.39,5.37
11,7,West,Sports,2024-08-15,13841.14,11530.53,2310.61,1,10.57,4.36,222.37,8.21
4,2,South,Clothing,2024-12-14,23121.56,17779.8,5341.76,0,11.08,4.0,250.49,8.32
19,1,South,Home,2023-06-07,51447.33,41195.35,10251.98,1,37.45,4.19,225.86,7.55
17,3,East,Home,2024-09-23,18190.03,12701.47,5488.56,0,20.56,3.44,224.08,5.76
3,4,North,Groceries,2023-02-28,19527.46,14114.76,5412.7,0,22.32,3.28,201.7,7.26
18,8,East,Home,2024-12-27,7967.34,5332.94,2634.4,0,10.55,3.29,241.72,3.28
8,6,South,Home,2023-05-08,35307.14,31557.17,3749.97,1,18.12,3.73,248.45,8.33
19,2,North,Electronics,2024-12-21,43215.91,32373.08,10842.83,0,34.14,2.75,239.81,3.7
5,9,North,Home,2023-04-25,20881.53,18768.8,2112.73,0,28.46,3.66,209.08,5.78
7,2,West,Sports,2023-07-28,22724.46,16973.71,5750.75,1,32.61,3.83,206.2,3.73
8,5,South,Clothing,2024-06-09,48047.53,31996.07,16051.46,0,23.42,3.38,234.37,8.86
5,4,North,Sports,2024-06-04,38528.27,28982.34,9545.93,0,19.29,4.41,224.09,6.85
17,7,West,Sports,2024-07-05,30522.36,18675.98,11846.38,0,24.48,3.72,225.75,7.84
5,8,North,Groceries,2023-08-25,18748.9,16338.37,2410.53,0,19.69,2.94,258.07,7.78
4,5,South,Electronics,2023-10-08,14935.91,12629.28,2306.63,0,35.17,3.46,243.44,8.89
19,10,East,Electronics,2023-12-25,37208.48,30427.09,6781.39,0,18.93,3.85,224.71,3.93
2,5,East,Sports,2023-07-20,28480.5,22298.75,6181.75,0,29.79,3.15,201.15,7.62
11,2,North,Clothing,2023-10-05,28426.99,22001.08,6425.91,0,14.11,2.66,202.05,7.03
13,8,West,Electronics,2023-08-23,14697.0,13212.87,1484.13,1,30.61,3.67,241.09,3.22
15,2,West,Electronics,2024-05-08,32356.54,22112.43,10244.11,1,37.4,4.4,250.26,4.41
12,10,West,Sports,2023-01-04,42023.48,35043.6,6979.88,0,28.26,3.47,242.46,4.87
11,6,South,Electronics,2024-10-27,47605.97,36867.08,10738.89,0,26.8,4.31,224.35,3.51
7,8,East,Groceries,2024-03-17,9800.71,8749.72,1050.99,0,38.83,4.17,201.87,5.48
5,6,East,Sports,2023-01-29,33402.43,28336.65,5065.78,0,28.82,2.79,258.04,3.19
17,4,North,Electronics,2023-04-19,30575.63,27504.54,3071.09,0,17.79,3.92,259.18,6.87
20,4,East,Electronics,2024-09-01,45064.06,34992.13,10071.93,0,18.77,3.37,232.96,4.48
9,6,West,Electronics,2024-12-27,38805.98,25664.85,13141.13,0,31.16,3.0,204.24,5.01
14,4,South,Sports,2023-03-16,48436.78,36381.16,12055.62,0,32.06,3.87,232.46,9.37
12,8,West,Clothing,2023-05-26,48201.46,39203.85,8997.61,0,19.1,3.99,253.54,6.52
6,9,West,Home,2023-05-08,16195.01,13479.24,2715.77,1,20.36,2.86,240.8,4.88
17,1,East,Electronics,2023-02-11,37640.79,22590.23,15050.56,0,39.73,4.33,243.2,7.19
19,4,South,Home,2023-12-22,28873.54,21698.7,7174.84,0,13.06,4.0,205.1,4.41
19,4,South,Home,2023-02-10,14657.09,9828.61,4828.48,0,22.14,4.37,206.39,3.52
16,2,West,Electronics,2023-02-03,13769.11,11875.49,1893.62,0,11.87,3.13,207.64,3.15
12,6,North,Electronics,2023-01-17,8648.8,5586.01,3062.79,0,34.63,4.38,254.26,9.66
12,3,East,Home,2024-11-07,40799.54,32637.06,8162.48,0,12.77,3.24,231.55,8.07
20,7,North,Clothing,2023-06-02,19602.72,13326.29,6276.43,0,30.22,2.61,247.49,8.6
6,5,West,Home,2024-01-13,43563.6,30797.84,12765.76,0,11.69,4.03,206.92,9.87
4,4,East,Clothing,2024-08-10,32374.19,28559.47,3814.72,0,30.19,3.91,255.66,9.52
6,5,North,Groceries,2024-08-21,35313.5,23735.42,11578.08,0,35.29,3.7,249.27,8.16
11,8,North,Clothing,2024-09-20,23955.79,15056.23,8899.56,1,21.96,3.48,213.49,7.86
1,3,North,Sports,2023-12-08,25578.24,15878.6,9699.64,0,25.66,2.56,252.45,5.36
15,7,East,Electronics,2023-01-27,23554.29,17698.33,5855.96,0,22.05,3.75,215.81,3.73
11,6,North,Groceries,2023-10-14,19402.26,15376.55,4025.71,1,19.01,3.33,212.32,7.02
19,1,South,Home,2024-10-07,42463.05,29647.2,12815.85,0,34.1,3.62,215.85,7.03
18,7,West,Clothing,2023-06-17,32993.8,26628.57,6365.23,0,18.16,3.36,254.6,9.67
17,7,East,Groceries,2024-09-01,6684.44,4133.06,2551.38,0,31.69,4.43,254.94,6.1
19,1,South,Sports,2023-09-25,41896.27,35913.5,5982.77,0,16.19,3.71,219.74,7.84
14,9,North,Clothing,2024-03-30,9771.7,8256.79,1514.91,0,17.5,4.0,242.33,7.02
18,6,West,Home,2024-11-15,23166.34,20748.91,2417.43,0,20.09,4.37,240.54,4.24
19,2,North,Home,2024-02-05,34162.02,30095.08,4066.94,1,27.67,3.68,248.39,7.14
15,5,South,Clothing,2024-04-20,15148.54,10707.88,4440.66,1,23.63,2.52,217.79,6.78
15,4,North,Sports,2024-12-02,34380.86,24746.75,9634.11,0,32.35,2.57,230.61,6.46
4,7,East,Electronics,2024-09-25,34686.63,28574.48,6112.15,0,16.41,3.9,240.06,6.59
7,8,South,Electronics,2024-07-11,34363.68,22000.48,12363.2,0,10.32,3.06,201.58,4.15
13,1,East,Home,2024-07-29,12356.06,8577.63,3778.43,0,33.3,3.66,222.6,6.24
3,5,West,Sports,2023-05-10,16507.95,10491.83,6016.12,0,34.65,2.9,241.75,7.24
16,3,East,Home,2023-12-29,16131.91,11880.6,4251.31,0,11.78,3.04,215.16,6.43
9,1,East,Electronics,2024-12-05,55199.38,42260.72,12938.66,1,28.33,3.51,257.46,6.42
8,3,North,Home,2024-11-23,11421.73,7576.58,3845.15,1,21.35,4.45,201.81,3.54
20,6,North,Clothing,2023-10-19,24294.27,14770.66,9523.61,0,33.82,3.73,257.49,4.34
13,7,South,Clothing,2024-01-06,44206.43,36063.9,8142.53,0,36.23,4.37,213.01,5.25
17,8,West,Sports,2023-01-29,39625.97,24013.4,15612.57,0,35.53,4.42,202.93,5.94
17,4,South,Electronics,2023-05-29,42009.9,37473.7,4536.2,0,33.32,2.92,217.55,7.16
17,3,West,Sports,2023-10-23,48753.21,32493.15,16260.06,0,18.07,3.12,247.18,9.04
1,5,West,Sports,2023-01-11,22426.78,17922.81,4503.97,0,34.36,4.04,245.15,4.11
8,9,East,Electronics,2024-05-26,18934.49,13830.23,5104.26,0,26.0,4.23,212.53,3.11
19,6,North,Groceries,2024-11-06,6379.68,3942.02,2437.66,0,11.58,3.54,211.81,6.14
6,9,West,Groceries,2023-04-23,11750.87,8715.09,3035.78,0,23.71,4.49,238.55,6.02
3,6,North,Home,2023-07-06,30290.66,22870.3,7420.36,0,38.26,2.52,227.48,6.86
5,2,West,Groceries,2023-08-15,12094.73,10357.99,1736.74,0,36.64,3.1,247.54,8.83
13,5,North,Clothing,2023-11-06,38133.73,31258.4,6875.33,0,13.07,3.75,201.45,8.62
15,9,South,Sports,2023-04-08,6675.47,4164.1,2511.37,0,32.32,3.44,236.62,3.7
14,8,North,Home,2023-02-24,18440.85,12221.65,6219.2,1,34.17,2.73,243.84,9.54
16,7,East,Sports,2024-09-14,36295.39,25173.26,11122.13,0,18.14,3.24,259.6,3.77
18,1,West,Electronics,2024-10-25,16497.63,10474.71,6022.92,0,24.15,2.55,240.73,7.44
11,4,East,Groceries,2024-02-10,37794.22,27856.98,9937.24,0,31.33,3.79,213.91,7.71
3,7,West,Electronics,2023-03-10,49813.87,44598.0,5215.87,0,23.17,4.29,206.49,7.76
10,7,East,Home,2023-11-08,40868.78,30830.75,10038.03,0,13.38,4.27,238.46,4.86
10,6,West,Clothing,2023-10-16,20382.6,16766.01,3616.59,0,31.18,3.9,231.39,5.31
16,8,North,Groceries,2024-07-01,45526.64,36643.54,8883.1,0,37.35,3.43,253.95,6.84
12,6,West,Electronics,2023-05-28,7303.09,6243.95,1059.14,0,29.57,3.52,243.6,4.4
2,10,East,Groceries,2024-04-11,37625.31,25010.18,12615.13,0,33.21,2.77,230.58,3.14
9,3,East,Sports,2023-09-01,6049.5,4997.78,1051.72,0,20.75,3.18,224.22,6.94
3,4,West,Clothing,2024-05-05,12855.0,11111.95,1743.05,0,15.5,2.88,224.26,6.26
15,3,West,Groceries,2024-05-21,49441.36,32208.72,17232.64,0,29.28,4.14,213.58,7.6
3,1,South,Clothing,2023-12-31,21239.82,14953.7,6286.12,0,19.83,4.33,201.04,4.03
19,10,South,Sports,2024-04-26,41922.47,37354.2,4568.27,0,35.8,3.57,234.49,8.89
18,5,North,Sports,2023-07-20,21923.9,18289.71,3634.19,0,13.68,3.96,212.74,4.02
8,1,North,Electronics,2023-06-03,45539.27,31184.26,14355.01,1,23.0,2.74,212.5,9.24
17,1,North,Home,2024-03-25,48444.78,37262.88,11181.9,0,21.9,3.72,207.52,6.15
8,2,North,Electronics,2024-05-15,33885.55,24441.57,9443.98,1,38.14,3.91,211.38,6.85
7,4,North,Clothing,2023-03-14,37613.09,28096.59,9516.5,1,14.59,3.41,201.91,9.28
7,6,West,Electronics,2024-12-13,33288.78,23520.18,9768.6,0,10.3,2.99,240.45,5.1
3,8,South,Groceries,2023-10-23,47067.57,32184.77,14882.8,0,17.14,4.25,224.08,4.27
1,3,West,Electronics,2023-01-17,16553.48,13282.99,3270.49,0,34.61,3.99,233.69,6.12
4,1,South,Home,2024-10-02,40410.88,33685.0,6725.88,1,16.28,4.3,238.22,4.71
5,3,South,Home,2023-08-05,19612.41,16909.57,2702.84,0,17.23,4.14,258.35,6.69
1,3,East,Clothing,2023-03-02,14761.99,9545.09,5216.9,0,13.9,4.48,204.1,4.93
15,5,East,Sports,2024-09-07,8821.42,7470.48,1350.94,0,31.46,2.88,225.08,9.05
5,4,South,Home,2023-02-11,32931.99,22276.52,10655.47,0,12.08,2.67,214.75,7.25
13,4,West,Clothing,2023-01-25,44693.85,32546.1,12147.75,0,19.94,3.17,228.6,3.0
8,9,South,Home,2023-02-08,20812.68,18116.05,2696.63,0,18.47,2.76,255.23,8.64
8,7,North,Home,2023-05-11,29870.08,21994.87,7875.21,0,26.65,3.55,243.44,5.31
5,4,West,Sports,2024-05-12,43169.69,28453.97,14715.72,1,31.91,3.77,239.72,5.24
9,3,West,Groceries,2023-08-17,23659.26,15330.27,8328.99,0,25.99,3.66,226.47,5.68
1,6,South,Clothing,2023-04-18,45650.65,33867.99,11782.66,0,37.93,3.02,240.27,7.41
4,3,North,Home,2023-06-21,21323.98,17673.35,3650.63,0,38.54,4.32,201.94,6.09
3,6,South,Home,2024-03-10,10625.49,9554.03,1071.46,0,20.84,2.54,235.17,7.4
2,9,North,Electronics,2024-04-22,11480.92,9600.6,1880.32,0,33.33,3.2,233.23,4.03
8,6,West,Groceries,2023-04-12,45088.59,38916.12,6172.47,0,32.16,3.94,220.8,9.79
9,4,South,Sports,2024-06-07,49460.36,40772.63,8687.73,0,36.79,4.03,212.09,8.11
2,5,North,Clothing,2023-10-02,18002.2,15637.26,2364.94,0,23.44,3.33,248.45,4.75
14,6,East,Home,2024-09-04,11462.12,7139.62,4322.5,0,25.91,2.53,203.23,8.07
14,3,West,Clothing,2023-02-13,26699.55,23468.36,3231.19,0,22.47,3.74,204.18,7.03
4,8,West,Sports,2023-01-17,36928.76,26548.89,10379.87,0,35.51,2.63,226.43,3.76
6,4,East,Groceries,2023-11-26,32558.13,28536.69,4021.44,0,16.89,2.72,215.15,4.25
11,8,North,Electronics,2024-07-22,47799.87,29765.93,18033.94,0,17.19,3.8,244.73,3.29
3,10,West,Groceries,2024-05-11,41800.0,34049.15,7750.85,0,21.18,3.12,238.05,8.66
8,10,North,Electronics,2023-01-12,44103.75,36196.24,7907.51,0,16.91,3.2,246.35,6.86
3,3,East,Clothing,2023-11-14,29375.02,26410.3,2964.72,0,26.83,3.47,219.48,5.22
14,10,South,Groceries,2024-08-14,29623.14,24606.66,5016.48,1,14.03,4.46,244.43,3.88
13,7,West,Groceries,2023-08-04,46432.59,33188.72,13243.87,1,19.61,4.43,251.74,6.39
13,9,West,Groceries,2023-12-05,24757.39,18993.24,5764.15,0,37.4,3.33,220.72,6.68
2,4,North,Sports,2024-10-22,17948.94,12743.12,5205.82,0,22.28,3.03,220.39,7.91
13,8,West,Clothing,2023-03-22,11852.18,7808.28,4043.9,0,32.45,3.11,254.0,9.79
19,3,South,Electronics,2024-12-27,28754.34,19396.26,9358.08,0,13.4,3.04,202.99,6.04
6,7,East,Groceries,2024-04-29,31741.41,21158.92,10582.49,0,17.43,3.56,221.01,5.84
16,3,West,Clothing,2024-01-09,30595.36,23394.58,7200.78,0,34.22,3.71,207.12,5.59
2,7,East,Sports,2024-12-10,10244.68,8931.81,1312.87,0,32.89,3.48,201.74,8.79
8,10,North,Sports,2023-07-19,30649.43,26782.02,3867.41,0,21.58,3.32,206.77,4.09
17,10,South,Clothing,2024-06-20,12578.63,7753.83,4824.8,0,38.63,2.92,225.87,5.41
2,6,West,Electronics,2024-04-10,34867.14,21756.04,13111.1,0,37.32,3.47,241.22,8.07
10,2,East,Clothing,2023-03-30,24322.28,16381.92,7940.36,0,38.87,3.18,217.36,3.11
16,3,South,Clothing,2023-09-25,43195.49,29222.52,13972.97,0,22.84,3.58,250.98,5.03
6,6,East,Home,2024-10-16,40021.96,25152.47,14869.49,0,15.92,3.85,226.26,7.49
2,4,North,Sports,2024-07-24,37597.19,26939.85,10657.34,0,28.8,3.77,258.09,4.3
2,6,South,Electronics,2024-05-03,36533.17,28361.34,8171.83,0,30.54,3.42,257.25,5.12
13,1,South,Home,2024-06-21,30221.96,23375.13,6846.83,0,13.76,3.61,246.4,6.4
15,10,North,Clothing,2023-02-16,7750.11,5913.56,1836.55,0,33.59,3.07,255.94,5.95
2,1,North,Sports,2023-10-15,34497.03,24203.17,10293.86,0,10.54,2.55,242.43,3.74
7,3,West,Home,2023-01-16,26011.5,21119.69,4891.81,0,24.48,3.75,253.73,9.57
3,8,North,Home,2024-12-11,31276.27,26520.56,4755.71,1,19.93,3.01,214.19,3.31
8,8,North,Electronics,2024-02-05,22056.0,15524.83,6531.17,0,32.21,3.84,220.73,8.25
14,4,East,Clothing,2023-03-27,46808.19,29286.04,17522.15,0,19.38,3.99,245.18,3.5
7,6,South,Electronics,2023-09-07,16225.31,11177.6,5047.71,0,34.8,4.33,225.47,6.27
7,8,East,Home,2024-01-26,19246.75,12341.22,6905.53,0,27.85,4.42,250.24,4.23
1,7,North,Home,2023-12-01,48336.84,35779.3,12557.54,0,33.82,2.52,252.66,3.99
17,7,West,Electronics,2024-09-20,41456.92,26813.53,14643.39,0,39.68,4.48,217.98,3.88
9,4,East,Home,2024-06-02,5633.89,4162.62,1471.27,0,30.37,3.87,249.41,6.17
13,9,East,Groceries,2023-05-17,45774.84,30499.82,15275.02,0,39.55,3.79,209.26,6.61
19,10,South,Sports,2024-11-18,15199.13,12487.9,2711.23,0,10.87,2.53,220.05,3.93
19,6,South,Clothing,2024-05-12,41426.07,25198.26,16227.81,1,20.14,4.22,231.08,9.86
17,3,South,Sports,2024-12-27,29888.29,22907.1,6981.19,0,13.24,2.79,213.59,4.8
10,5,West,Clothing,2024-04-21,29156.53,18976.42,10180.11,0,17.87,4.17,234.76,6.21
10,5,West,Home,2024-08-16,37306.46,22394.98,14911.48,0,35.17,2.53,234.72,4.51
4,5,North,Electronics,2023-08-11,14323.17,12328.81,1994.36,0,10.97,3.79,212.41,6.46
8,8,North,Electronics,2024-01-07,12156.13,9742.63,2413.5,0,25.61,3.37,247.74,8.29
20,9,South,Home,2024-02-06,34336.07,21620.83,12715.24,0,27.01,2.9,237.9,6.65
20,9,East,Clothing,2024-03-18,25656.04,20504.86,5151.18,1,26.83,2.72,219.07,5.0
18,6,South,Home,2024-05-04,48827.76,38256.27,10571.49,0,24.26,3.38,213.93,4.74
14,6,North,Clothing,2024-09-06,25318.03,18786.16,6531.87,0,33.72,2.75,252.73,8.31
18,9,East,Home,2023-09-30,10021.87,7273.65,2748.22,0,14.01,3.47,250.14,3.83
14,4,North,Home,2024-06-09,35861.68,31060.55,4801.13,0,19.32,3.75,213.79,5.59
20,6,West,Home,2023-06-08,18777.17,12647.26,6129.91,0,28.47,4.15,202.14,4.06
15,4,South,Electronics,2023-06-01,11686.43,8408.3,3278.13,0,30.73,3.86,248.27,4.81
4,1,South,Clothing,2024-09-11,24027.05,16788.53,7238.52,0,22.12,2.63,236.93,4.07
13,7,East,Home,2023-07-07,48390.0,40229.53,8160.47,0,36.26,3.11,206.05,9.21
8,10,South,Sports,2023-04-08,23514.38,20573.66,2940.72,0,22.46,3.08,235.24,8.12
18,6,North,Sports,2023-05-11,22659.81,19372.65,3287.16,1,22.08,4.33,227.13,6.93
12,9,North,Electronics,2023-06-20,25002.9,20985.21,4017.69,0,11.09,4.24,246.47,4.57
14,7,West,Groceries,2023-07-02,5545.21,4968.71,576.5,0,26.53,3.24,212.55,6.57
2,7,North,Electronics,2023-12-30,10989.57,8892.14,2097.43,0,31.26,2.64,227.19,6.65
18,2,East,Groceries,2023-02-08,43235.36,35682.84,7552.52,0,13.43,4.29,209.37,7.13
2,9,North,Electronics,2024-06-10,49011.55,43857.53,5154.02,0,19.16,4.28,257.45,3.42
11,10,West,Sports,2024-05-11,12107.37,7289.81,4817.56,0,33.44,4.21,246.72,9.81
9,9,West,Home,2024-05-30,31335.74,24761.96,6573.78,1,20.98,4.19,244.2,6.26
12,6,South,Clothing,2023-12-15,48485.0,39839.71,8645.29,0,17.25,3.46,241.41,9.49
17,3,East,Home,2024-02-01,12046.16,10544.58,1501.58,0,30.17,2.85,225.4,3.07
15,1,North,Sports,2024-12-22,13383.93,11579.15,1804.78,0,15.9,3.45,255.4,4.73
17,4,West,Clothing,2023-06-10,46706.74,39821.62,6885.12,0,36.87,3.49,204.38,3.73
18,3,North,Groceries,2023-01-16,36755.94,32482.6,4273.34,0,13.17,3.48,248.2,8.39
6,1,West,Groceries,2024-05-07,11838.5,9011.63,2826.87,0,31.2,3.58,212.91,5.24
17,3,South,Sports,2024-03-01,22707.17,13671.44,9035.73,0,24.99,3.02,219.44,8.88
18,4,West,Clothing,2023-04-18,7532.15,4544.27,2987.88,0,36.1,3.23,231.17,8.83
8,8,South,Home,2024-03-25,33384.94,25485.79,7899.15,1,13.79,3.37,246.96,7.67
9,9,East,Sports,2023-11-07,40005.57,29227.34,10778.23,0,30.34,2.76,250.31,7.66
6,3,North,Groceries,2023-06-19,29928.74,22008.8,7919.94,0,27.16,3.41,235.02,7.9
5,6,North,Sports,2024-06-29,41905.99,30177.4,11728.59,1,24.4,4.12,224.18,7.72
12,10,South,Home,2024-02-18,19706.91,17249.81,2457.1,0,24.74,4.16,256.79,5.71
11,5,East,Electronics,2023-09-08,12262.82,8679.02,3583.8,0,31.66,3.32,214.79,7.78
1,6,South,Electronics,2023-05-21,12676.47,10862.06,1814.41,1,38.13,3.54,248.19,9.28
11,4,West,Home,2023-10-01,41959.06,36540.44,5418.62,0,12.74,2.57,236.72,5.33
19,10,South,Clothing,2024-02-20,33649.46,25232.07,8417.39,0,10.59,3.85,222.61,9.61
9,6,East,Sports,2024-08-30,15319.46,11245.73,4073.73,0,34.17,3.31,200.08,3.1
2,7,West,Home,2023-02-08,23829.53,19738.15,4091.38,0,13.25,3.39,226.8,5.44
12,9,North,Electronics,2023-01-29,41064.95,33360.81,7704.14,0,39.6,4.25,216.6,3.92
4,10,North,Groceries,2024-04-21,29241.51,20426.96,8814.55,0,28.58,3.42,206.26,3.89
4,7,North,Home,2023-11-14,18507.19,11673.68,6833.51,0,29.53,2.54,204.51,8.71
18,6,East,Home,2023-09-02,17023.3,11566.58,5456.72,0,15.97,2.95,220.85,9.43
15,1,East,Home,2024-11-27,14792.63,9457.05,5335.58,0,17.21,3.45,236.89,8.44
19,2,East,Electronics,2023-09-29,42067.84,28960.33,13107.51,0,29.78,3.35,250.25,9.84
13,1,East,Electronics,2024-03-15,36050.63,24462.03,11588.6,1,37.29,4.22,211.01,4.51
19,9,East,Home,2023-08-27,36912.07,29209.02,7703.05,0,39.47,3.58,225.48,3.99
17,10,West,Home,2024-01-12,51855.27,45961.86,5893.41,1,15.94,3.88,223.52,6.64
6,10,South,Clothing,2023-09-23,49408.78,39809.8,9598.98,0,14.02,3.44,230.8,8.8
16,9,North,Groceries,2023-12-25,16226.76,14247.01,1979.75,0,11.69,3.38,248.58,3.28
12,7,East,Sports,2023-12-06,13140.61,10975.56,2165.05,0,36.05,3.39,233.22,9.97
19,2,North,Sports,2024-01-24,25789.93,21105.53,4684.4,0,18.84,3.32,250.8,7.22
5,6,East,Sports,2024-07-30,6578.21,4764.06,1814.15,0,10.05,3.58,231.11,9.85
17,4,North,Electronics,2024-11-19,40627.3,28335.04,12292.26,0,16.71,3.0,236.23,5.56
1,1,South,Electronics,2023-01-03,44769.2,38227.67,6541.53,0,20.21,4.28,226.24,6.21
10,1,North,Clothing,2024-03-04,35871.79,31266.5,4605.29,0,39.73,3.17,249.39,8.27
15,5,North,Electronics,2023-05-22,17059.78,12548.57,4511.21,0,25.71,2.8,255.43,8.55
11,2,East,Home,2024-01-11,10542.0,6353.86,4188.14,0,16.14,2.69,238.35,4.63
13,4,West,Groceries,2024-10-31,22196.49,18595.32,3601.17,0,20.04,2.53,249.25,9.51
5,1,West,Groceries,2023-11-20,42500.1,29134.7,13365.4,0,19.91,3.35,203.54,9.07
1,4,North,Groceries,2023-05-26,20652.25,12452.61,8199.64,0,10.59,2.88,254.37,3.13
12,6,West,Groceries,2023-10-20,6541.46,5504.62,1036.84,0,14.06,2.54,211.34,3.9
11,10,South,Sports,2024-10-26,17342.62,13097.57,4245.05,0,30.86,3.54,215.39,6.47
17,4,South,Sports,2024-03-07,57123.53,46016.61,11106.92,1,13.61,3.86,203.2,6.23
4,1,West,Home,2024-12-05,35450.09,30997.8,4452.29,0,16.92,2.67,257.92,7.96
15,7,West,Clothing,2024-08-07,45538.47,34716.35,10822.12,0,20.52,3.42,251.12,3.63
9,2,South,Electronics,2024-02-03,39868.94,29939.91,9929.03,0,32.73,3.99,254.79,7.51
20,9,West,Electronics,2023-12-10,34165.53,23478.51,10687.02,1,27.47,4.47,250.83,7.31
19,3,West,Sports,2023-05-20,11691.0,8085.01,3605.99,0,30.67,3.83,228.77,4.64
19,8,East,Groceries,2023-07-06,30424.0,25524.6,4899.4,1,27.01,2.99,255.44,6.8
12,8,East,Home,2023-03-02,31268.31,22973.1,8295.21,0,30.51,3.93,258.17,4.56
5,3,West,Clothing,2024-01-15,44178.46,28674.38,15504.08,0,10.09,3.7,230.15,4.03
10,4,West,Sports,2024-12-10,22222.93,13963.97,8258.96,1,37.93,2.92,210.54,7.01
17,2,East,Home,2024-03-15,10455.21,7756.47,2698.74,0,13.33,4.2,239.52,9.84
5,4,East,Home,2023-11-15,30147.45,22293.63,7853.82,0,22.19,3.35,258.53,4.66
16,9,West,Sports,2023-10-29,12942.56,10302.76,2639.8,0,33.13,4.42,252.33,5.49
7,2,East,Home,2023-12-10,40836.95,30273.26,10563.69,1,23.06,3.95,251.71,4.8
9,3,South,Groceries,2023-01-11,16858.46,10840.71,6017.75,0,38.41,3.79,256.03,4.87
3,4,North,Home,2023-03-03,15393.34,11581.04,3812.3,0,24.03,3.96,253.64,5.83
15,5,South,Clothing,2023-08-14,22963.13,20024.69,2938.44,0,36.25,3.46,246.58,7.91
16,1,East,Home,2023-06-02,31693.63,20532.16,11161.47,0,34.32,3.51,243.1,3.27
18,7,South,Electronics,2024-12-11,35214.32,28415.36,6798.96,1,39.43,4.2,215.89,9.7
14,10,North,Home,2024-07-17,16013.05,12460.68,3552.37,0,37.8,3.86,237.28,3.32
3,7,East,Sports,2024-07-24,45100.25,37188.57,7911.68,0,36.94,4.29,231.29,9.17
12,9,South,Electronics,2024-08-06,12992.75,8382.66,4610.09,1,31.95,4.28,251.72,9.26
9,4,South,Sports,2024-10-21,6776.04,5979.73,796.31,0,21.01,4.45,229.5,6.67
7,6,North,Clothing,2024-07-28,32121.78,25257.03,6864.75,0,13.18,3.9,207.66,3.96
9,2,East,Groceries,2023-11-06,10553.32,9013.82,1539.5,0,30.66,3.5,200.3,6.96
13,4,West,Clothing,2023-08-31,27720.09,18682.84,9037.25,0,39.36,2.83,240.67,7.4
18,2,East,Electronics,2024-05-07,47829.8,39307.67,8522.13,0,31.8,3.91,232.99,9.0
5,10,North,Groceries,2024-01-01,36436.11,30398.98,6037.13,0,37.86,3.08,219.86,6.86
13,5,North,Home,2023-11-26,32785.55,23580.37,9205.18,0,34.13,3.07,210.14,5.87
4,7,North,Electronics,2023-04-17,30866.24,22075.1,8791.14,0,14.89,2.98,228.0,8.87
2,1,North,Groceries,2023-08-14,13079.27,10428.61,2650.66,0,17.48,4.25,206.02,9.87
16,10,West,Sports,2023-08-06,24469.15,15367.17,9101.98,0,20.26,4.24,220.17,7.52
9,10,East,Groceries,2024-05-20,20413.56,16753.15,3660.41,0,15.05,3.76,222.75,9.12
9,7,East,Sports,2023-09-16,47888.34,29349.14,18539.2,0,27.45,3.45,227.94,7.19
6,10,South,Sports,2024-05-31,20184.34,13264.69,6919.65,1,39.26,3.84,228.0,7.83
11,6,West,Groceries,2023-02-23,26218.24,20954.75,5263.49,0,32.84,3.71,215.42,7.82
1,6,West,Clothing,2023-02-16,47213.57,29720.81,17492.76,0,22.7,3.33,251.01,7.93
4,8,South,Clothing,2024-12-27,40513.13,36119.59,4393.54,0,10.14,3.26,221.33,5.25
13,8,South,Sports,2024-11-19,48403.19,41651.86,6751.33,0,19.4,3.27,213.78,7.03
13,6,East,Electronics,2024-06-04,32374.86,25507.85,6867.01,0,25.8,3.68,210.55,7.16
13,3,East,Groceries,2023-04-09,20020.41,16931.61,3088.8,0,19.73,3.8,219.35,5.21
2,5,East,Electronics,2023-01-20,42199.24,36556.11,5643.13,0,13.33,3.4,204.05,5.45
9,2,West,Clothing,2024-07-26,21491.15,14567.62,6923.53,1,23.28,4.44,201.97,8.34
8,5,West,Electronics,2024-05-04,12414.78,10612.45,1802.33,0,17.6,2.67,236.31,7.08
7,9,South,Home,2024-02-23,36783.0,24219.33,12563.67,0,37.28,3.19,237.15,4.04
4,10,North,Home,2024-11-20,33753.0,24437.26,9315.74,0,13.05,3.34,231.78,8.86
18,1,North,Clothing,2023-03-03,44552.7,34193.21,10359.49,0,11.47,2.53,245.74,9.18
3,10,North,Electronics,2023-05-25,48286.61,39313.38,8973.23,0,10.16,3.23,202.35,6.26
6,5,North,Groceries,2023-08-04,43573.89,26538.35,17035.54,0,19.84,3.05,256.16,4.46
12,6,North,Clothing,2023-01-03,7700.98,5291.75,2409.23,0,29.81,3.51,205.7,9.63
12,7,East,Home,2023-06-09,34903.1,27313.62,7589.48,0,31.91,3.17,240.44,9.18
8,9,South,Clothing,2023-04-30,40312.96,28509.75,11803.21,0,23.6,3.95,208.0,4.71
1,6,North,Electronics,2023-03-30,49186.79,40948.37,8238.42,0,30.53,3.52,252.79,3.67
4,5,North,Electronics,2023-11-25,21859.76,17389.34,4470.42,0,20.8,2.76,230.64,6.08
11,7,North,Electronics,2024-08-02,12644.67,8475.98,4168.69,0,30.03,4.0,204.94,7.73
3,1,East,Sports,2023-12-23,43381.99,27928.4,15453.59,0,11.22,2.7,237.0,4.23
13,5,North,Electronics,2024-09-01,19286.0,15211.14,4074.86,0,21.72,4.18,200.55,6.59
17,2,South,Home,2023-09-24,31919.09,23465.01,8454.08,0,33.73,4.36,246.56,5.98
10,4,East,Home,2024-09-08,32151.06,20920.28,11230.78,1,34.09,3.14,239.04,9.23
12,7,East,Sports,2023-11-19,23104.68,16125.04,6979.64,0,31.48,4.35,212.76,6.01
15,5,West,Home,2024-09-26,37960.9,26227.72,11733.18,0,16.13,4.09,222.49,6.74
10,6,West,Home,2024-06-24,21266.38,13449.7,7816.68,0,17.42,4.34,200.47,9.69
14,2,East,Clothing,2024-10-10,36188.38,27650.55,8537.83,0,39.88,3.83,241.62,5.1
13,3,North,Electronics,2023-07-14,5644.78,4680.06,964.72,0,13.1,2.97,219.36,5.02
5,7,North,Clothing,2023-11-28,24923.84,19257.16,5666.68,1,15.42,4.29,234.3,8.6
6,2,North,Clothing,2023-06-19,19356.98,16412.54,2944.44,0,13.9,2.87,257.4,4.94
2,6,North,Home,2024-06-04,46172.23,29470.38,16701.85,1,19.83,2.93,217.97,8.82
17,5,West,Groceries,2024-04-07,25194.28,18409.05,6785.23,1,16.31,3.04,259.41,3.67
4,10,South,Electronics,2023-02-09,33499.72,26224.4,7275.32,0,24.93,3.11,237.96,3.78
14,1,East,Groceries,2024-06-20,35983.6,28887.65,7095.95,0,24.28,3.53,214.53,9.31
10,10,North,Home,2023-09-18,34629.15,28005.84,6623.31,0,37.05,3.93,226.21,6.79
3,4,West,Sports,2024-01-30,32148.22,26319.41,5828.81,0,11.04,4.35,244.43,8.03
3,2,South,Clothing,2023-08-14,26729.6,21261.5,5468.1,1,19.6,2.68,226.79,4.58
15,4,East,Home,2023-05-04,21798.72,13695.45,8103.27,0,27.9,4.41,204.11,4.16
6,1,East,Home,2023-02-07,32538.46,26310.33,6228.13,1,28.14,4.34,210.12,8.84
17,2,East,Groceries,2023-11-24,7866.64,6430.47,1436.17,0,24.4,2.61,247.48,5.51
12,8,North,Sports,2023-09-08,53150.3,47731.31,5418.99,1,34.47,3.22,238.9,6.19
20,6,East,Clothing,2023-06-25,44539.27,35988.12,8551.15,1,11.88,4.13,234.19,3.2
11,2,North,Sports,2024-08-24,20587.31,16594.38,3992.93,0,34.46,3.72,210.06,5.7
4,6,South,Sports,2024-03-29,30506.86,23015.72,7491.14,0,24.84,4.06,250.27,8.39
6,10,West,Sports,2023-02-06,46950.25,40394.91,6555.34,0,14.01,3.94,257.64,8.75
1,9,West,Electronics,2023-11-12,17223.66,15484.94,1738.72,0,36.57,3.49,202.45,7.89
20,7,West,Sports,2024-11-18,39959.23,33314.55,6644.68,1,29.48,2.58,204.68,7.85
16,9,East,Home,2024-08-15,8722.93,6836.6,1886.33,0,14.91,3.67,253.08,6.54
15,5,West,Electronics,2023-04-24,28551.75,17807.34,10744.41,0,11.01,2.6,248.93,6.77
17,7,South,Electronics,2023-02-09,44778.61,36629.88,8148.73,0,14.23,3.71,237.08,8.2
8,7,North,Sports,2023-10-28,29826.92,24236.41,5590.51,0,28.26,4.1,256.7,4.73
12,3,West,Home,2023-08-12,32731.38,27254.45,5476.93,0,15.38,3.67,238.79,4.62
10,7,North,Clothing,2023-11-14,45843.77,29219.29,16624.48,0,16.77,4.49,212.96,9.65
15,1,North,Sports,2023-12-15,37191.23,29608.67,7582.56,0,10.75,3.41,243.72,3.19
9,9,West,Electronics,2023-04-25,36314.14,25010.17,11303.97,0,31.69,4.0,238.74,3.98
2,10,West,Clothing,2024-11-28,31387.28,25991.22,5396.06,0,34.31,3.83,259.14,6.99
5,6,West,Clothing,2023-11-19,33484.49,22505.33,10979.16,0,33.91,4.48,212.83,8.16
6,5,East,Electronics,2024-07-21,41166.74,33147.2,8019.54,0,13.83,3.93,235.87,6.77
7,7,West,Clothing,2023-02-09,49065.49,33781.49,15284.0,0,37.1,2.83,246.81,5.49
1,5,East,Home,2023-02-09,40789.64,24583.85,16205.79,0,30.17,4.41,220.34,9.85
7,10,South,Home,2023-10-16,36839.16,29103.21,7735.95,0,36.93,3.84,222.78,7.93
20,5,North,Sports,2023-09-19,11099.52,7036.88,4062.64,0,23.41,2.62,253.27,8.82
12,10,South,Sports,2023-08-04,41768.62,33322.48,8446.14,0,23.11,3.82,224.25,3.28
16,7,West,Clothing,2023-05-27,40314.92,35383.71,4931.21,1,33.54,4.27,237.48,4.65
16,10,North,Electronics,2023-12-02,39669.45,35336.51,4332.94,0,12.8,3.65,253.35,5.62
11,7,West,Home,2023-06-17,20991.07,14080.33,6910.74,1,25.63,3.21,212.59,4.28
4,3,West,Groceries,2023-04-02,45654.97,38476.91,7178.06,0,35.09,4.14,258.91,3.51
13,3,North,Sports,2023-12-19,9377.66,6621.25,2756.41,0,34.91,4.07,242.12,4.58
7,10,South,Home,2024-07-24,16412.54,14281.16,2131.38,0,38.68,3.59,229.77,6.74
4,3,West,Clothing,2024-07-24,34836.05,29131.54,5704.51,0,30.95,2.81,225.86,7.87
15,6,North,Home,2024-11-11,35317.15,21973.5,13343.65,0,16.23,3.0,257.26,8.42
19,6,South,Home,2023-12-29,19099.61,13792.61,5307.0,0,10.61,3.98,212.34,3.3
9,3,East,Clothing,2024-07-10,36568.39,25641.58,10926.81,0,24.38,4.11,218.7,6.0
11,3,South,Sports,2023-12-11,22456.87,18763.93,3692.94,0,25.41,3.06,218.47,3.86
8,8,South,Sports,2024-11-23,5007.9,3621.14,1386.76,0,17.21,3.24,217.34,6.02
1,8,North,Groceries,2023-06-19,12317.28,9920.05,2397.23,0,13.74,2.66,228.11,6.04
8,7,South,Groceries,2023-12-22,44717.82,34912.57,9805.25,0,27.59,3.93,259.35,6.49
13,10,East,Sports,2023-07-10,15021.23,13409.33,1611.9,0,32.93,2.51,253.33,9.25
4,4,East,Sports,2024-10-28,10080.97,8884.72,1196.25,0,39.79,2.59,219.68,8.64
8,4,West,Sports,2024-02-26,35699.03,25999.96,9699.07,0,32.75,2.51,225.37,7.46
3,3,East,Sports,2024-11-30,24831.79,20289.4,4542.39,0,33.81,3.79,240.17,9.2
9,5,West,Home,2023-01-07,40846.59,34672.14,6174.45,0,28.49,3.33,201.03,7.75
2,3,East,Groceries,2023-05-13,48798.2,42438.12,6360.08,1,39.58,3.1,249.21,8.73
2,8,South,Clothing,2024-07-10,43069.5,26722.05,16347.45,0,29.2,4.33,252.79,6.95
13,7,West,Electronics,2023-01-31,19085.41,13180.84,5904.57,0,35.81,2.89,251.43,6.68
15,3,East,Clothing,2024-06-18,27749.57,19315.62,8433.95,0,38.37,3.28,222.5,8.07
12,9,South,Electronics,2024-03-01,34256.38,25018.59,9237.79,0,37.9,4.38,227.72,3.14
4,5,South,Home,2024-01-29,19489.24,12683.2,6806.04,0,21.44,3.35,200.74,7.83
8,9,West,Groceries,2024-11-02,6849.47,5129.31,1720.16,0,12.36,3.61,223.96,9.54
9,7,North,Electronics,2023-12-29,27304.9,21815.64,5489.26,0,15.16,2.66,227.63,8.0
5,7,South,Sports,2024-03-12,5576.83,4178.21,1398.62,0,11.78,4.08,254.42,3.26
20,6,South,Home,2024-10-31,47779.05,38210.72,9568.33,0,13.16,3.35,253.64,5.65
18,2,North,Electronics,2024-07-04,40850.76,25324.71,15526.05,0,15.54,4.1,257.97,8.67
11,9,West,Sports,2023-03-23,13640.44,11768.92,1871.52,0,20.23,3.01,253.11,9.71
15,6,East,Home,2023-12-22,17940.73,15818.71,2122.02,0,26.31,3.34,200.49,5.59
9,8,East,Electronics,2023-09-15,49227.73,38662.09,10565.64,0,31.35,4.07,238.49,8.89
17,1,South,Sports,2024-12-18,21809.68,18852.66,2957.02,0,16.33,4.45,204.09,9.05
12,5,North,Groceries,2024-08-11,40267.51,25748.41,14519.1,0,30.18,2.62,216.36,3.86
7,1,South,Home,2024-06-07,25106.7,21070.41,4036.29,0,31.13,4.12,234.7,8.92
10,10,West,Electronics,2023-10-22,43884.32,27899.21,15985.11,0,26.76,3.1,242.04,5.27
10,8,South,Sports,2023-08-12,40492.81,29252.13,11240.68,1,37.11,3.6,239.28,7.15
13,8,East,Groceries,2024-06-08,6030.95,4204.45,1826.5,0,13.33,3.08,202.94,6.77
19,1,North,Sports,2023-02-15,22564.23,17502.57,5061.66,1,15.31,3.73,206.22,7.64
11,9,West,Groceries,2024-10-28,30109.65,20789.34,9320.31,0,22.86,3.21,207.72,8.18
13,2,South,Electronics,2023-04-23,46677.83,36931.22,9746.61,0,13.8,3.17,205.48,6.09
8,9,East,Sports,2023-08-21,9591.35,6811.93,2779.42,0,26.99,2.58,210.69,9.22
8,1,South,Sports,2023-01-17,32052.31,27508.48,4543.83,0,21.95,2.79,241.31,8.67
4,10,East,Clothing,2023-12-26,18597.95,14695.45,3902.5,0,18.54,4.33,249.85,8.5
15,9,North,Home,2023-08-11,45019.75,29919.65,15100.1,0,15.1,4.5,224.53,6.21
11,4,West,Sports,2024-11-30,39432.63,27635.92,11796.71,0,20.06,4.06,241.57,3.26
11,9,South,Groceries,2024-03-23,23635.01,20189.65,3445.36,1,28.24,3.07,212.0,6.45
1,7,West,Home,2023-12-31,12519.64,8963.36,3556.28,0,27.27,3.3,258.4,9.29
17,6,North,Electronics,2024-11-05,5517.41,4197.31,1320.1,0,14.91,3.98,221.0,4.33
15,5,East,Home,2023-11-22,32951.05,26185.63,6765.42,0,13.75,4.44,250.75,9.88
20,9,North,Clothing,2024-04-11,23275.57,16393.98,6881.59,0,10.8,3.41,256.72,8.65
6,2,North,Electronics,2024-02-18,19164.04,13188.57,5975.47,0,10.37,4.16,251.88,7.97
15,2,West,Sports,2024-03-30,49347.6,36644.37,12703.23,0,36.39,4.45,204.02,7.74
9,9,North,Electronics,2024-08-08,27248.89,18105.91,9142.98,1,11.35,4.25,239.02,7.11
14,3,South,Electronics,2023-08-21,38742.77,26548.99,12193.78,0,31.94,2.95,207.21,8.04
18,8,East,Clothing,2023-08-12,12983.56,8031.94,4951.62,0,36.16,2.52,200.34,5.95
17,9,North,Groceries,2024-02-16,5605.49,3874.46,1731.03,0,12.94,3.48,203.11,8.92
18,8,South,Electronics,2024-07-25,28716.2,19992.54,8723.66,1,23.09,3.56,254.97,7.87
5,4,East,Groceries,2023-12-01,34954.92,31059.19,3895.73,0,38.87,2.9,254.51,8.4
20,1,West,Home,2023-08-10,27796.94,21595.96,6200.98,0,35.02,3.07,213.55,8.55
20,4,East,Clothing,2023-02-06,45070.98,37689.02,7381.96,0,24.69,4.03,232.82,3.64
9,9,West,Sports,2023-10-05,24529.07,15051.36,9477.71,0,32.88,3.44,257.3,3.39
11,2,East,Electronics,2023-07-15,18995.13,12004.18,6990.95,0,35.0,3.13,229.8,8.61
1,3,North,Groceries,2024-04-28,46222.19,39028.22,7193.97,0,20.44,3.75,223.61,4.82
18,10,West,Electronics,2023-08-30,32832.21,25841.08,6991.13,1,36.76,3.81,228.99,7.07
6,8,West,Clothing,2023-11-20,19037.72,12513.39,6524.33,1,24.11,4.04,247.41,6.11
2,6,West,Sports,2023-07-11,9394.75,6777.74,2617.01,0,25.83,2.81,228.64,3.15
15,8,North,Home,2023-01-17,40698.94,30996.38,9702.56,0,39.99,3.98,247.0,3.28
14,7,North,Home,2024-06-07,42129.12,35939.63,6189.49,0,35.3,3.7,225.9,8.79
5,5,East,Groceries,2024-02-05,11957.47,7391.19,4566.28,1,20.85,2.62,215.12,7.25
6,9,East,Home,2024-12-05,21139.05,16467.67,4671.38,0,10.31,4.05,219.59,6.67
6,4,North,Groceries,2023-01-22,38744.44,31581.01,7163.43,0,28.79,3.27,204.67,9.61
18,6,North,Sports,2024-04-18,47587.18,42512.84,5074.34,0,31.12,3.16,229.84,4.21
14,2,West,Electronics,2023-04-30,22001.82,18528.79,3473.03,0,29.52,3.4,208.89,4.81
10,2,East,Clothing,2023-07-29,44242.4,30211.73,14030.67,0,39.04,3.19,248.69,8.3
14,2,East,Sports,2023-11-02,22717.42,18466.39,4251.03,0,35.89,3.18,225.24,8.43
13,10,West,Sports,2023-09-27,13077.26,10840.83,2236.43,0,23.46,4.12,245.9,5.83
3,7,West,Home,2024-12-04,6685.25,5474.69,1210.56,1,11.89,2.75,257.27,9.66
6,2,West,Home,2024-11-17,19858.15,16800.85,3057.3,0,24.28,4.44,250.97,9.57
8,2,South,Clothing,2023-10-12,22031.38,19191.95,2839.43,0,30.68,3.61,257.09,3.09
12,9,South,Electronics,2024-12-16,47530.29,29921.69,17608.6,0,28.23,2.87,234.08,4.21
13,7,North,Sports,2024-11-06,14273.16,9012.49,5260.67,0,26.14,2.76,209.92,8.74
11,3,East,Home,2023-08-15,22200.38,18624.34,3576.04,0,24.06,3.68,256.12,5.35
12,3,West,Sports,2024-01-16,6131.94,4143.42,1988.52,0,18.81,3.77,252.11,3.67
1,7,West,Electronics,2024-04-04,39359.29,24306.82,15052.47,0,18.32,2.61,251.86,8.49
17,5,East,Groceries,2023-01-07,53780.7,38741.94,15038.76,1,25.01,2.99,241.6,6.18
16,10,South,Electronics,2023-01-29,15701.93,13283.25,2418.68,0,14.82,4.09,237.49,6.45
11,6,East,Sports,2023-02-02,24304.78,15505.71,8799.07,0,20.22,2.6,200.88,4.3
13,8,North,Sports,2024-10-07,10495.07,8412.35,2082.72,0,19.72,4.21,244.88,7.63
18,9,South,Clothing,2023-03-20,25557.59,15362.28,10195.31,0,27.61,3.82,205.49,6.86
11,1,East,Sports,2024-04-03,11000.41,6962.39,4038.02,0,12.0,3.37,215.59,4.45
12,3,East,Home,2024-07-23,34640.39,24430.31,10210.08,1,34.89,3.19,233.09,5.38
6,7,North,Clothing,2024-06-21,38057.99,23789.31,14268.68,0,26.87,2.54,227.1,7.18
9,6,East,Sports,2024-04-26,29900.42,25528.1,4372.32,0,30.12,4.15,200.95,9.47
16,7,South,Electronics,2024-03-05,24020.91,20639.27,3381.64,1,31.09,2.79,249.44,9.44
4,8,West,Sports,2023-10-12,20920.82,17294.64,3626.18,0,18.74,3.12,252.73,5.02
3,6,West,Electronics,2024-05-30,33735.77,22695.53,11040.24,0,24.11,3.64,240.91,8.15
16,3,West,Electronics,2023-04-09,31538.99,23874.2,7664.79,0,38.69,2.99,232.46,8.43
12,2,South,Sports,2024-02-01,11154.87,7309.3,3845.57,0,33.0,3.49,257.64,8.66
11,7,East,Electronics,2024-05-03,43022.73,29444.05,13578.68,0,39.09,4.12,207.2,7.0
5,1,East,Groceries,2023-02-08,26383.5,19914.31,6469.19,0,32.39,3.44,244.27,3.07
18,3,East,Clothing,2023-09-28,12306.62,10097.63,2208.99,0,15.27,4.4,207.7,8.33
19,4,East,Sports,2023-06-06,10527.19,6615.25,3911.94,0,11.94,4.2,222.91,3.75
6,1,West,Groceries,2023-03-16,48449.83,33382.37,15067.46,0,27.33,3.17,235.13,3.82
18,5,South,Electronics,2023-05-10,17669.08,15513.21,2155.87,0,20.73,3.3,244.23,7.24
6,10,North,Electronics,2024-11-17,45886.71,33439.34,12447.37,0,18.26,3.35,200.22,9.88
4,3,South,Clothing,2023-03-25,29598.51,26095.85,3502.66,1,34.22,3.75,215.64,4.7
12,2,East,Groceries,2023-01-22,22366.46,20072.11,2294.35,0,21.01,3.07,232.29,7.52
19,3,East,Groceries,2024-04-03,36541.8,27698.61,8843.19,0,19.51,4.44,231.97,5.13
2,8,South,Sports,2024-06-22,5444.75,3737.35,1707.4,0,35.5,3.72,238.26,9.29
17,6,South,Electronics,2024-12-07,20214.03,16923.85,3290.18,0,35.39,3.3,218.23,7.15
11,7,West,Home,2024-01-17,27309.6,17690.97,9618.63,1,20.69,3.79,232.43,4.45
11,6,East,Sports,2024-03-15,44064.41,29770.53,14293.88,0,34.97,3.29,211.39,4.83
16,6,South,Sports,2024-08-26,28810.56,24070.18,4740.38,0,35.52,4.14,211.21,6.03
2,3,East,Sports,2023-01-21,21405.66,15628.14,5777.52,0,22.72,3.64,234.59,3.85
2,8,South,Clothing,2023-10-30,16973.57,11210.39,5763.18,0,11.99,2.58,241.13,3.55
8,7,East,Clothing,2023-03-25,31572.94,25111.15,6461.79,0,10.05,2.85,207.22,7.76
13,7,South,Sports,2024-10-20,11825.29,9694.71,2130.58,0,25.7,4.23,207.37,5.85
10,6,East,Home,2024-03-28,16079.21,10250.84,5828.37,0,20.32,3.63,233.92,8.08
8,5,North,Groceries,2024-01-22,18212.55,12440.89,5771.66,0,39.91,4.4,216.21,3.77
4,10,West,Groceries,2024-05-21,32355.9,21561.42,10794.48,0,33.17,2.64,223.54,7.27
15,8,North,Electronics,2023-09-14,21796.47,15561.73,6234.74,0,32.84,3.09,224.04,6.1
1,5,West,Groceries,2024-07-23,27760.25,23014.18,4746.07,0,38.66,2.89,210.71,3.41
11,9,West,Groceries,2024-06-10,35383.3,28805.98,6577.32,1,36.63,3.61,200.08,6.81
7,9,South,Home,2023-06-11,48032.22,38366.08,9666.14,0,19.55,3.27,251.19,3.58
17,1,North,Groceries,2023-06-12,39417.68,23724.94,15692.74,0,14.98,2.81,242.9,8.79
20,6,West,Home,2024-06-07,23236.56,14932.81,8303.75,0,32.38,3.79,241.43,7.42
18,7,East,Clothing,2023-09-28,38672.39,25794.07,12878.32,0,21.35,3.57,232.79,6.9
12,3,South,Home,2024-05-06,55096.49,37553.04,17543.45,1,24.2,3.05,242.06,3.93
9,7,South,Clothing,2023-07-27,27472.12,17690.07,9782.05,0,28.91,3.46,256.14,5.01
5,7,East,Home,2024-06-22,23472.36,16972.74,6499.62,0,37.24,3.99,239.94,6.45
10,2,East,Sports,2024-08-06,8510.84,5298.46,3212.38,0,22.57,2.91,215.91,7.43
4,7,West,Clothing,2023-03-01,45156.67,37254.55,7902.12,0,33.5,3.09,234.23,4.28
5,1,East,Clothing,2024-03-05,16089.54,13455.94,2633.6,0,18.05,3.19,226.54,3.06
10,5,South,Groceries,2024-10-18,7878.11,6084.11,1794.0,0,30.94,3.99,233.39,5.41
11,9,East,Clothing,2024-08-27,29174.16,18289.62,10884.54,0,10.05,4.19,231.06,6.38
10,7,North,Home,2023-11-05,43065.48,37338.85,5726.63,0,36.15,3.25,251.53,4.29
8,7,South,Sports,2024-06-03,23298.58,20728.53,2570.05,0,10.91,3.09,239.11,6.45
2,2,East,Sports,2024-08-13,40238.04,26585.64,13652.4,0,31.38,4.28,211.33,5.37
8,8,South,Groceries,2023-01-27,42637.82,34595.98,8041.84,0,11.39,4.5,203.78,6.19
16,3,West,Home,2024-11-16,25448.16,21696.63,3751.53,0,17.99,3.84,225.46,5.43
5,8,North,Home,2024-07-15,31592.98,24072.37,7520.61,0,24.92,4.48,200.94,7.4
3,3,West,Electronics,2023-07-18,29026.05,20231.07,8794.98,0,22.6,3.82,219.1,3.3
12,10,North,Clothing,2024-01-22,47263.81,35143.84,12119.97,0,15.76,3.97,222.08,4.2
13,7,East,Groceries,2023-12-15,37647.76,28374.39,9273.37,0,20.01,3.28,222.54,6.03
13,2,South,Sports,2024-11-23,51823.09,37322.53,14500.56,1,31.83,3.37,258.76,5.49
10,4,East,Electronics,2024-06-19,23486.59,20643.6,2842.99,1,30.08,2.79,218.23,5.74
4,6,West,Home,2024-01-13,18960.66,15607.75,3352.91,0,12.15,4.15,215.91,8.63
9,9,South,Clothing,2024-07-11,8191.11,5507.62,2683.49,0,32.42,4.36,207.76,9.2
2,5,East,Sports,2024-06-10,27495.86,21327.64,6168.22,0,11.59,3.75,230.66,4.74
19,9,East,Electronics,2023-06-02,44326.57,35754.11,8572.46,0,26.29,3.19,209.22,8.85
1,5,South,Home,2023-07-25,19708.1,12653.53,7054.57,0,17.8,2.81,236.98,6.21
7,10,South,Sports,2024-03-30,10772.69,7621.98,3150.71,0,27.63,3.03,209.31,4.92
17,8,West,Sports,2023-09-30,17183.79,14978.5,2205.29,1,17.84,3.01,234.6,9.9
3,1,North,Home,2023-08-24,25137.51,19359.7,5777.81,0,39.55,3.73,249.58,8.77
20,7,North,Home,2024-06-04,12380.98,8234.58,4146.4,0,19.29,4.39,202.55,9.96
20,4,South,Groceries,2024-11-08,20574.68,13102.69,7471.99,0,17.26,2.6,225.18,4.18
3,5,North,Sports,2024-12-26,41899.09,31653.42,10245.67,0,18.35,2.5,227.66,4.01
3,6,West,Home,2024-05-15,22282.13,17030.36,5251.77,0,36.89,3.7,247.46,6.52
17,5,North,Electronics,2023-04-27,32444.19,22721.46,9722.73,0,29.09,3.07,228.07,7.47
7,1,South,Clothing,2024-01-21,27597.2,21777.64,5819.56,0,31.92,4.26,234.05,4.2
14,9,West,Groceries,2023-12-10,37334.0,23169.68,14164.32,0,37.54,3.15,247.47,9.02
17,2,South,Home,2024-08-06,12027.42,7740.15,4287.27,0,37.36,3.08,233.59,6.72
18,9,West,Clothing,2024-01-30,46419.85,35459.29,10960.56,0,32.17,3.04,221.5,5.88
13,10,West,Groceries,2023-03-05,33963.48,21007.93,12955.55,0,15.93,2.79,205.15,7.21
20,2,South,Sports,2024-12-17,17192.92,14859.37,2333.55,0,35.3,3.66,243.79,7.44
20,9,East,Clothing,2024-12-21,10546.42,6777.59,3768.83,0,16.11,2.84,252.27,3.3
18,6,South,Groceries,2023-03-13,18983.1,15227.79,3755.31,1,32.29,3.35,258.2,10.0
4,9,West,Home,2023-10-01,40219.83,28852.14,11367.69,0,30.57,3.42,255.6,5.55
1,6,South,Home,2023-11-16,35889.13,25837.89,10051.24,1,32.77,2.54,247.85,3.43
18,6,South,Groceries,2023-12-04,31817.86,26391.86,5426.0,1,25.98,2.53,238.61,8.97
1,2,West,Sports,2024-01-01,19980.54,14982.18,4998.36,0,29.16,3.54,246.89,9.95
13,8,North,Groceries,2024-05-09,43509.11,35577.25,7931.86,0,38.6,3.89,225.93,8.71
20,3,West,Electronics,2024-08-29,53647.27,40319.0,13328.27,1,13.03,4.38,235.69,8.96
20,7,South,Groceries,2023-06-15,31156.79,24235.98,6920.81,0,19.27,2.86,220.92,7.38
10,5,West,Groceries,2024-06-27,28604.48,23690.64,4913.84,0,28.34,2.71,219.6,9.46
11,3,West,Home,2023-01-11,43967.67,34391.19,9576.48,1,38.92,2.6,245.4,3.25
9,1,North,Sports,2023-10-28,38720.08,30383.05,8337.03,0,12.87,3.37,227.24,8.37
9,8,East,Groceries,2024-12-29,23014.63,19257.86,3756.77,0,10.68,3.75,212.73,7.69
5,3,South,Clothing,2023-04-12,8723.24,7717.68,1005.56,0,11.67,4.18,212.12,3.35
1,2,South,Home,2024-02-29,39582.5,28222.91,11359.59,0,11.57,3.87,251.55,6.81
17,1,North,Home,2024-01-27,12591.55,9734.97,2856.58,0,37.23,2.92,240.67,6.61
2,4,West,Groceries,2023-08-02,5736.96,3590.66,2146.3,0,31.64,3.42,232.76,7.84
13,8,East,Clothing,2024-11-21,42948.62,30392.21,12556.41,0,30.31,4.32,224.06,3.54
9,3,South,Groceries,2023-03-29,31021.42,22447.56,8573.86,0,25.68,3.15,225.85,8.64
4,1,East,Clothing,2024-07-06,45124.97,38382.0,6742.97,0,33.46,3.5,203.45,3.98
5,4,East,Home,2024-02-05,26806.46,20212.55,6593.91,0,14.67,4.42,227.29,5.93
11,9,West,Clothing,2024-08-10,46691.65,38255.4,8436.25,0,21.76,3.97,247.73,9.17
19,1,West,Groceries,2023-02-15,20928.73,12676.58,8252.15,0,24.7,4.0,223.28,6.92
3,2,West,Electronics,2024-11-02,37603.49,27802.06,9801.43,0,13.31,3.0,223.01,5.66
12,9,South,Electronics,2024-04-07,18544.39,16140.95,2403.44,0,22.59,3.33,200.94,3.34
19,2,East,Clothing,2024-08-14,13198.9,8807.55,4391.35,1,19.5,2.66,227.47,7.71
19,3,East,Groceries,2023-11-06,22088.5,13461.98,8626.52,0,11.07,3.71,201.52,9.91
13,7,South,Sports,2023-03-27,38199.45,27886.46,10312.99,0,14.1,2.71,234.22,9.38
7,3,North,Electronics,2023-04-02,11751.09,9534.01,2217.08,0,32.92,4.17,230.41,8.02
15,9,West,Home,2024-10-21,27716.09,20408.44,7307.65,0,10.54,4.13,250.4,3.74
7,6,South,Groceries,2024-11-03,14554.47,10741.1,3813.37,0,38.03,3.57,234.91,4.68
8,3,West,Groceries,2024-12-14,8358.09,6694.34,1663.75,0,12.59,2.78,219.41,4.31
5,9,East,Electronics,2023-08-30,32785.34,22173.27,10612.07,0,33.98,2.55,230.97,5.49
14,1,South,Sports,2023-01-02,47838.54,39493.92,8344.62,0,36.96,4.09,241.98,4.65
4,10,North,Home,2023-08-13,18981.69,12260.92,6720.77,0,38.23,3.7,205.64,4.71
10,3,West,Sports,2024-08-11,31129.06,22373.24,8755.82,0,36.02,3.92,237.26,7.32
20,1,East,Home,2023-04-26,47912.15,38176.52,9735.63,0,18.63,3.11,255.0,5.23
15,2,East,Electronics,2024-10-27,35857.1,30425.13,5431.97,1,19.99,3.52,217.95,7.74
18,8,North,Groceries,2023-04-13,35290.1,29554.02,5736.08,0,22.8,3.99,237.6,9.64
20,7,North,Home,2023-07-13,13051.78,10656.85,2394.93,0,14.18,3.43,249.28,7.47
13,2,West,Groceries,2023-06-15,27167.44,19227.18,7940.26,0,10.67,3.7,230.71,8.26
8,2,East,Clothing,2023-03-31,26349.6,16776.56,9573.04,1,36.07,4.08,243.08,8.26
9,9,North,Clothing,2024-11-16,26193.06,17419.7,8773.36,0,26.62,2.93,218.66,5.31
16,6,South,Electronics,2023-05-02,49393.46,42451.22,6942.24,1,28.26,2.63,218.36,3.1
19,5,North,Electronics,2023-05-23,25731.45,22056.98,3674.47,0,37.81,3.56,240.06,3.39
16,10,South,Electronics,2023-04-16,7828.28,6931.69,896.59,0,29.95,2.62,242.32,4.97
7,6,East,Clothing,2024-03-03,45749.37,28492.55,17256.82,0,30.73,4.03,256.22,7.83
14,9,West,Home,2023-11-01,29516.71,22463.48,7053.23,0,33.61,3.94,213.49,9.35
14,7,East,Sports,2023-11-13,46602.25,37030.38,9571.87,0,13.49,4.26,228.09,9.71
4,10,East,Electronics,2024-09-26,30755.95,25010.65,5745.3,0,20.8,3.78,215.03,3.18
15,10,East,Sports,2023-01-09,8133.63,6451.26,1682.37,0,39.05,2.63,204.81,9.93
3,9,East,Sports,2023-03-14,33013.78,27434.56,5579.22,1,37.69,3.01,224.19,5.26
5,4,West,Clothing,2023-12-25,30908.25,21878.14,9030.11,0,36.52,4.12,222.44,8.9
1,2,North,Home,2023-08-11,22849.88,14939.93,7909.95,1,23.56,2.83,216.23,4.26
3,8,West,Clothing,2024-02-20,26196.31,17325.58,8870.73,0,35.72,3.9,217.82,3.44
15,4,West,Electronics,2024-07-06,25674.87,15497.19,10177.68,0,11.45,4.06,221.62,5.65
8,9,West,Clothing,2024-01-05,37866.44,26699.5,11166.94,1,14.46,3.16,259.33,9.01
4,4,West,Clothing,2024-12-16,16682.63,10468.74,6213.89,0,22.42,3.14,246.98,4.55
2,8,North,Clothing,2023-09-21,31178.68,21714.29,9464.39,0,24.5,3.62,204.28,4.08
10,9,East,Electronics,2024-11-20,15842.84,12491.49,3351.35,0,17.91,4.22,252.34,9.37
4,9,North,Electronics,2023-11-14,25090.04,21786.77,3303.27,0,20.69,2.95,238.0,9.57
3,10,North,Clothing,2023-03-25,10521.76,8963.29,1558.47,0,14.88,4.38,253.44,3.09
2,4,East,Clothing,2023-11-14,6678.52,4513.36,2165.16,0,24.67,3.7,220.5,8.09
17,1,North,Sports,2023-04-21,19426.43,12437.29,6989.14,0,33.82,4.48,227.87,5.16
20,3,West,Home,2023-09-08,23706.02,15596.7,8109.32,1,29.84,2.68,253.77,5.62
13,9,West,Sports,2024-01-18,23312.12,20778.0,2534.12,0,13.23,2.75,216.35,6.28
5,4,East,Home,2023-01-07,56611.13,43298.59,13312.54,1,24.63,4.15,254.93,5.99
9,5,East,Home,2024-04-03,28500.32,18660.6,9839.72,0,30.93,4.23,249.71,6.6
6,7,East,Clothing,2023-03-25,29892.95,25475.48,4417.47,0,25.9,3.39,258.83,7.08
5,5,West,Sports,2023-07-27,47372.05,34039.54,13332.51,0,21.75,3.93,219.46,6.26
10,4,East,Home,2024-01-25,46451.62,40402.07,6049.55,0,28.66,4.24,214.15,7.91
8,2,North,Home,2023-11-10,46156.44,31303.44,14853.0,1,39.06,2.59,219.85,8.03
7,2,North,Electronics,2023-01-22,9409.76,6755.89,2653.87,0,12.85,3.65,257.28,6.08
7,4,South,Home,2024-02-14,33543.38,25207.32,8336.06,0,21.7,4.21,219.98,4.0
6,10,South,Clothing,2024-05-29,41364.45,35895.43,5469.02,0,22.2,3.3,233.91,7.48
20,10,East,Groceries,2023-05-07,42600.86,36663.46,5937.4,0,27.31,3.1,224.22,8.41
3,9,South,Electronics,2024-11-30,33761.18,26073.98,7687.2,1,14.57,4.09,223.77,7.47
19,8,West,Groceries,2023-01-14,14381.42,9585.69,4795.73,1,15.3,3.17,211.6,7.12
15,3,West,Clothing,2023-01-12,48817.08,35197.46,13619.62,0,18.56,2.51,232.22,4.61
4,9,North,Groceries,2023-03-28,26248.85,23432.08,2816.77,0,38.68,4.42,250.96,7.52
12,5,North,Home,2024-06-07,22711.82,17768.18,4943.64,0,32.02,3.68,202.97,5.34
6,3,South,Groceries,2024-06-20,22772.69,18999.92,3772.77,0,29.85,4.14,253.35,9.44
19,5,South,Sports,2023-10-28,33212.69,24409.98,8802.71,1,34.51,4.15,239.93,7.58
4,10,West,Clothing,2023-08-31,15898.13,12076.25,3821.88,0,13.83,2.63,237.0,4.95
15,4,North,Sports,2023-05-02,19730.01,14376.99,5353.02,0,35.78,2.84,237.55,6.31
9,8,South,Groceries,2023-05-27,49341.09,40009.52,9331.57,0,27.84,3.12,217.78,8.93
5,5,West,Sports,2024-07-20,25014.52,21398.45,3616.07,1,20.06,3.14,224.91,5.35
13,10,North,Electronics,2023-12-22,28702.63,21590.38,7112.25,0,34.48,3.82,247.96,6.68
18,8,West,Groceries,2024-11-15,43173.24,32132.13,11041.11,0,34.08,3.75,218.38,7.76
5,9,West,Sports,2024-09-22,28734.25,20173.91,8560.34,0,35.37,3.49,228.2,8.28
16,4,North,Home,2023-11-05,19600.4,12801.59,6798.81,0,13.47,2.92,201.18,4.22
19,7,West,Groceries,2024-11-25,28568.79,25191.23,3377.56,0,39.08,3.26,244.01,6.96
14,2,South,Electronics,2023-10-15,10133.88,7041.26,3092.62,0,38.79,3.59,225.06,9.39
16,6,West,Home,2023-11-03,10850.31,9116.51,1733.8,0,20.72,3.44,231.52,9.78
15,8,South,Groceries,2024-08-16,36234.84,29517.05,6717.79,0,11.98,2.75,206.88,7.59
4,7,East,Home,2024-12-23,46285.73,38753.9,7531.83,0,15.01,3.8,259.5,9.89
7,7,East,Groceries,2024-10-23,37655.52,33175.66,4479.86,0,39.78,2.65,218.15,7.0
16,8,East,Groceries,2024-07-02,8357.6,6577.53,1780.07,0,26.89,3.26,238.1,6.1
8,7,West,Clothing,2023-12-18,23130.3,20109.14,3021.16,0,20.7,3.92,234.87,6.86
17,5,East,Sports,2023-11-08,5114.91,3326.27,1788.64,0,18.65,2.54,247.11,3.81
16,7,East,Groceries,2023-02-28,28004.3,22067.77,5936.53,0,17.71,3.64,217.63,5.81
10,10,West,Electronics,2024-10-04,22840.1,18995.72,3844.38,1,29.92,3.17,245.36,6.21
10,3,North,Sports,2024-12-14,44066.6,30031.05,14035.55,0,22.58,2.52,222.95,8.94
2,5,West,Clothing,2023-02-04,9695.08,7971.55,1723.53,0,38.96,2.88,224.67,8.31
9,7,South,Sports,2024-03-20,5064.5,4221.48,843.02,0,30.52,4.38,240.36,7.21
17,9,West,Sports,2023-04-03,25301.57,21490.05,3811.52,0,33.76,3.54,247.06,5.43
11,2,North,Groceries,2023-07-26,11994.5,8322.56,3671.94,0,18.78,4.49,240.01,4.31
10,4,East,Electronics,2023-12-19,38209.39,30738.77,7470.62,0,12.38,3.55,253.99,5.43
17,7,West,Groceries,2023-11-28,46397.06,32073.17,14323.89,0,24.63,3.59,217.11,7.76
4,1,East,Electronics,2024-12-25,6887.21,5659.3,1227.91,0,19.44,3.28,254.04,4.84
16,2,South,Electronics,2023-06-08,22801.2,16847.63,5953.57,0,16.06,3.12,207.85,5.99
20,9,North,Home,2023-01-24,49856.67,38851.47,11005.2,0,38.58,3.0,239.57,5.71
15,10,East,Groceries,2024-02-08,37970.24,27519.01,10451.23,0,23.32,3.19,232.86,8.36
5,7,East,Clothing,2024-05-30,47893.44,31063.44,16830.0,0,15.24,3.42,229.68,9.19
6,10,East,Sports,2023-12-30,12383.75,8091.65,4292.1,0,15.96,2.88,218.65,7.9
17,7,East,Home,2024-01-17,14961.59,9325.12,5636.47,0,18.42,2.95,230.22,5.39
1,6,West,Clothing,2024-06-15,15467.56,12148.56,3319.0,1,39.98,3.04,209.71,6.03
19,3,North,Groceries,2023-06-01,18606.61,15901.05,2705.56,0,18.04,3.4,222.16,4.0
4,10,North,Electronics,2024-07-15,37597.28,22793.39,14803.89,0,19.86,3.81,205.92,4.18
17,3,East,Groceries,2024-11-19,12422.6,7700.42,4722.18,0,29.78,4.21,234.31,4.15
9,2,North,Groceries,2024-08-30,36036.54,26567.58,9468.96,1,18.82,3.07,205.75,3.91
2,6,East,Home,2024-09-08,17114.45,14056.38,3058.07,0,16.47,2.87,209.62,4.26
8,4,South,Clothing,2024-02-24,42313.81,27390.25,14923.56,0,14.76,3.26,205.13,4.42
15,5,South,Home,2023-09-07,8955.89,6103.4,2852.49,1,19.38,4.29,222.88,3.78
7,3,South,Clothing,2023-04-27,21814.3,14606.9,7207.4,1,13.18,2.52,250.52,7.48
6,6,North,Home,2024-05-26,32235.83,23200.62,9035.21,0,10.56,3.86,254.41,9.93
1,3,East,Sports,2024-07-31,9351.97,6242.44,3109.53,0,34.14,3.45,204.31,9.15
15,8,West,Electronics,2023-12-01,25984.05,18339.01,7645.04,0,14.14,2.82,238.07,3.32
7,9,West,Electronics,2024-02-22,24629.33,20160.65,4468.68,0,33.28,3.14,241.06,5.96
17,4,South,Electronics,2023-10-22,43363.54,33966.78,9396.76,0,33.93,2.95,232.03,9.02
2,9,South,Sports,2024-01-06,33142.87,20692.9,12449.97,0,26.14,4.26,240.02,3.94
9,7,North,Sports,2023-07-05,33786.59,26736.13,7050.46,0,19.29,3.46,214.02,8.93
9,3,West,Electronics,2023-09-03,47831.34,35544.58,12286.76,0,14.35,3.63,229.38,7.15
13,7,North,Electronics,2024-09-28,49206.22,43319.66,5886.56,0,32.1,3.69,223.45,9.52
6,1,South,Clothing,2023-09-25,34402.76,23627.52,10775.24,0,28.04,3.78,205.38,9.13
6,3,East,Clothing,2024-10-04,28490.07,23300.6,5189.47,0,29.66,3.49,237.53,7.74
20,6,East,Groceries,2023-08-25,32356.4,26508.25,5848.15,0,10.26,2.54,229.71,7.6
20,4,East,Home,2024-06-13,24016.43,16005.76,8010.67,1,37.83,3.17,216.51,4.49
3,7,South,Clothing,2024-07-05,49435.55,43056.74,6378.81,0,11.99,2.87,228.42,3.82
17,3,North,Clothing,2023-01-21,36725.96,27447.33,9278.63,0,21.0,3.86,246.52,5.91
17,1,East,Clothing,2024-06-03,21606.49,17364.38,4242.11,1,22.08,2.61,248.1,4.31
12,9,West,Clothing,2023-04-10,7599.48,4892.22,2707.26,0,10.04,3.63,238.97,3.72
16,6,West,Sports,2024-04-22,7012.49,4749.85,2262.64,0,24.91,2.92,228.06,5.12
15,8,South,Groceries,2024-08-21,20477.47,15887.08,4590.39,1,32.58,4.4,234.54,9.02
13,3,West,Clothing,2023-10-25,15481.09,10770.32,4710.77,0,34.7,3.17,223.1,3.12
1,8,West,Home,2024-06-09,23677.05,17755.61,5921.44,0,36.38,3.15,207.59,5.05
17,2,South,Clothing,2023-11-30,14668.07,10446.62,4221.45,0,24.63,4.35,223.14,5.97
3,4,North,Sports,2023-01-02,33390.97,26451.2,6939.77,0,28.92,3.33,231.82,6.57
15,3,East,Electronics,2024-01-10,14506.46,10823.9,3682.56,0,12.39,4.43,235.93,4.27
4,10,South,Electronics,2023-10-20,18014.85,10833.82,7181.03,1,24.64,2.55,256.15,9.75
4,1,West,Groceries,2024-07-06,26205.66,20830.99,5374.67,0,14.64,3.11,246.64,7.05
18,7,East,Electronics,2023-11-14,44990.09,32691.44,12298.65,0,21.09,3.83,209.12,6.65
17,10,East,Clothing,2024-05-16,26073.75,18317.06,7756.69,0,19.88,4.28,210.45,3.06
19,2,East,Sports,2024-01-16,23623.19,14841.13,8782.06,0,22.71,3.01,206.03,6.4
11,4,South,Groceries,2024-09-14,31014.27,20658.94,10355.33,0,27.15,4.36,244.29,8.86
20,9,East,Clothing,2023-01-14,16574.62,11057.45,5517.17,0,37.09,3.69,242.37,4.54
3,6,North,Electronics,2024-05-18,20904.64,18408.85,2495.79,0,21.83,4.1,259.18,5.46
8,8,West,Home,2023-08-19,14622.59,10670.89,3951.7,0,39.43,3.29,231.32,3.14
14,2,South,Clothing,2023-03-25,30731.45,18826.69,11904.76,0,32.77,2.92,249.58,9.84
1,7,South,Home,2023-05-10,36382.44,23344.61,13037.83,0,25.34,4.32,234.59,3.47
14,6,East,Home,2023-05-25,35316.44,22027.21,13289.23,0,29.32,4.37,252.45,9.29
2,9,West,Groceries,2023-01-28,16466.8,12789.12,3677.68,0,13.07,3.5,243.26,5.19
4,7,East,Sports,2023-03-07,40084.17,26294.67,13789.5,0,35.34,2.51,238.57,7.11
19,1,East,Electronics,2023-06-12,16517.91,12381.29,4136.62,0,27.47,2.72,233.91,7.76
6,8,South,Electronics,2023-08-17,11764.02,8364.44,3399.58,0,39.58,3.65,243.38,3.99
1,10,North,Clothing,2023-09-18,20741.39,17446.89,3294.5,0,29.09,2.55,225.18,6.11
17,3,West,Electronics,2024-03-24,34356.26,23917.0,10439.26,1,35.02,3.29,205.79,5.28
8,2,West,Groceries,2024-02-28,11390.08,8399.95,2990.13,0,33.99,3.11,202.4,3.4
19,3,West,Electronics,2024-04-04,34163.92,27890.93,6272.99,0,20.36,3.93,228.74,8.83
1,6,West,Clothing,2024-11-06,43838.06,32002.02,11836.04,0,17.79,2.61,235.96,3.32
5,3,North,Electronics,2023-10-28,18191.32,15243.68,2947.64,0,22.91,3.48,204.73,7.57
16,10,South,Sports,2023-10-30,25259.3,20169.69,5089.61,0,24.02,3.66,217.21,5.2
6,5,North,Home,2023-10-14,15273.97,11045.5,4228.47,0,17.2,3.73,219.32,4.34
8,6,East,Home,2024-01-30,21256.78,15967.98,5288.8,0,36.84,3.31,233.77,7.67
13,8,South,Home,2023-01-10,10942.52,9740.6,1201.92,1,26.28,3.11,216.71,7.02
16,7,North,Sports,2024-12-07,51834.47,41388.97,10445.5,1,39.35,3.86,205.74,5.21
3,8,West,Groceries,2024-09-21,23715.06,20667.64,3047.42,0,34.3,4.2,209.89,6.59
19,3,West,Clothing,2023-09-27,40499.15,26471.36,14027.79,0,26.67,3.89,210.44,4.72
12,4,South,Sports,2024-08-14,11418.95,8506.78,2912.17,0,38.41,4.36,250.56,9.05
16,6,North,Clothing,2024-08-27,41555.98,36261.69,5294.29,0,25.15,3.93,217.06,5.2
11,7,South,Groceries,2023-12-27,43706.63,30454.06,13252.57,0,36.61,4.03,242.88,4.72
10,9,West,Sports,2023-09-14,37196.47,33115.99,4080.48,0,20.74,2.84,234.07,8.26
20,1,North,Electronics,2023-05-13,45644.37,28715.93,16928.44,0,21.36,3.34,258.62,3.12
4,8,West,Groceries,2023-10-03,12523.87,10905.8,1618.07,0,22.54,3.47,216.37,4.88
12,8,South,Home,2024-11-13,26441.68,19396.65,7045.03,0,26.4,3.01,209.5,5.63
2,6,South,Sports,2024-05-27,32904.93,20470.92,12434.01,0,26.6,3.56,203.12,9.18
19,4,South,Groceries,2023-11-09,31828.68,27495.41,4333.27,0,24.89,3.08,214.46,9.65
5,3,South,Groceries,2024-07-29,43746.84,29554.58,14192.26,0,19.18,3.88,241.04,8.02
8,3,South,Sports,2023-10-11,14706.11,8921.83,5784.28,0,37.82,3.44,205.12,6.45
7,6,East,Home,2023-05-01,12903.97,8268.12,4635.85,0,27.66,3.42,214.68,7.48
14,8,South,Home,2023-04-17,24738.88,19735.06,5003.82,1,22.23,4.47,251.32,5.9
3,7,South,Groceries,2024-11-17,45119.75,40307.43,4812.32,0,29.54,3.28,234.98,5.09
18,1,West,Clothing,2023-07-23,47346.22,29990.93,17355.29,0,33.04,3.22,204.17,9.65
16,6,South,Groceries,2023-06-14,30633.35,22625.31,8008.04,0,38.82,3.14,202.86,3.81
19,7,North,Sports,2023-11-01,27561.74,18030.64,9531.1,0,24.99,4.29,203.67,5.42
19,7,South,Sports,2024-05-11,32242.35,26551.93,5690.42,0,13.36,3.49,256.51,9.29
18,9,East,Sports,2024-09-23,32733.84,20799.66,11934.18,0,23.22,3.7,250.99,8.06
20,10,South,Home,2024-07-09,12663.71,8509.41,4154.3,0,24.37,2.86,250.7,3.2
16,5,West,Electronics,2023-06-05,35888.49,23647.71,12240.78,0,36.91,3.58,255.45,3.16
8,1,North,Sports,2024-01-02,25355.8,19416.35,5939.45,0,21.84,3.05,230.32,6.62
1,2,North,Sports,2024-12-19,28282.19,24377.98,3904.21,0,38.6,3.96,214.84,6.39
17,4,South,Clothing,2024-09-11,6364.25,4794.36,1569.89,0,24.55,4.17,224.08,6.1
12,5,South,Clothing,2023-09-08,39405.05,24331.56,15073.49,0,39.21,3.93,243.13,5.12
11,9,South,Groceries,2023-11-30,42594.26,32755.7,9838.56,0,10.25,3.96,252.56,9.91
5,1,South,Groceries,2024-10-03,32873.97,27589.69,5284.28,0,36.96,3.52,226.11,4.9
12,3,West,Groceries,2024-05-25,38692.56,24749.57,13942.99,0,37.93,3.92,232.12,6.43
17,5,West,Sports,2023-10-20,28521.77,17735.22,10786.55,0,38.83,3.35,255.91,5.83
6,3,North,Clothing,2023-01-20,32825.9,21545.03,11280.87,0,10.39,3.8,206.45,4.19
1,4,South,Groceries,2023-10-09,28909.72,23816.58,5093.14,1,15.15,3.02,251.74,4.42
5,3,West,Clothing,2023-01-01,40634.34,31593.37,9040.97,0,29.61,2.64,209.56,9.43
14,4,West,Sports,2023-04-29,26072.19,19871.66,6200.53,0,10.76,3.33,229.03,9.01
5,1,North,Sports,2023-02-04,35609.58,24030.91,11578.67,0,11.91,3.42,213.11,4.39
1,8,North,Groceries,2023-07-17,32964.32,23064.18,9900.14,0,16.63,3.01,236.18,9.13
18,4,East,Sports,2024-04-29,40340.82,35893.87,4446.95,1,25.37,3.96,233.51,4.46
16,7,West,Sports,2023-02-28,40334.71,27112.49,13222.22,0,26.38,2.65,222.8,7.39
9,2,North,Clothing,2023-06-10,28072.11,24436.59,3635.52,0,11.03,2.95,251.8,3.57
19,2,West,Electronics,2024-11-21,41587.97,32195.72,9392.25,0,15.11,4.0,239.59,9.16
5,6,West,Home,2023-07-25,27376.58,17438.58,9938.0,0,24.99,3.37,243.27,3.36
2,2,South,Groceries,2023-01-12,48048.54,35565.23,12483.31,0,27.82,3.91,209.04,6.88
15,6,South,Electronics,2024-05-04,43827.79,38768.51,5059.28,1,14.45,3.63,252.99,8.46
7,2,South,Groceries,2023-10-03,12701.37,9215.73,3485.64,0,21.97,4.4,210.02,3.82
4,4,South,Electronics,2024-11-23,42331.3,36363.26,5968.04,0,37.13,3.7,213.37,5.83
1,7,West,Sports,2023-08-30,34210.12,23157.81,11052.31,1,39.97,2.53,207.68,3.29
13,8,East,Groceries,2023-08-04,49300.74,38024.51,11276.23,0,39.62,3.21,226.42,7.78
20,3,East,Electronics,2023-09-08,37346.86,31862.68,5484.18,0,36.45,2.79,253.26,5.15
7,9,East,Home,2023-05-06,8797.58,7708.5,1089.08,0,21.84,4.35,215.15,6.92
15,2,West,Sports,2023-08-05,22773.22,16983.06,5790.16,0,30.6,2.71,222.43,9.53
14,8,East,Groceries,2023-11-02,28277.39,22393.05,5884.34,0,22.5,3.28,250.76,5.14
19,8,West,Groceries,2023-07-04,42755.61,25691.59,17064.02,0,29.46,2.95,237.07,3.34
20,4,North,Electronics,2023-02-08,37820.55,25565.44,12255.11,0,19.28,4.19,245.1,7.73
18,1,East,Groceries,2023-08-11,21621.2,14780.55,6840.65,0,28.19,3.12,212.84,8.51
10,1,West,Sports,2023-07-03,34404.47,21607.66,12796.81,0,25.71,4.48,242.99,9.71
9,2,North,Clothing,2024-05-09,30960.99,21174.48,9786.51,0,10.73,2.58,213.66,4.1
8,9,South,Electronics,2024-03-02,10672.37,7431.56,3240.81,0,33.72,2.76,259.24,5.74
